transaction_amount,reputation_score,successful_transactions,failed_transactions,refunded_transactions,disputes,agent_age_days,amount_vs_history,new_agent,is_registered,is_active,risky
0.173,3,23,4,1,1,143,0.194,0,1,1,1
0.03,3,2,3,1,4,617,0.046,0,0,1,1
0.0059,75,8,0,1,3,349,0.008,0,1,1,0
0.0214,45,27,5,4,2,827,0.166,0,0,1,0
0.0019,37,26,10,4,2,592,0.003,0,1,0,1
2.8072,29,27,1,3,2,465,7.52,0,1,1,1
0.0086,87,20,1,4,1,547,0.022,0,1,1,0
0.1738,71,7,10,2,0,235,0.43,0,1,1,1
1.5703,72,28,5,1,3,406,10.668,0,1,1,1
0.405,68,8,9,3,4,409,2.84,0,1,1,1
0.4418,14,4,10,1,3,611,0.444,0,1,1,1
2.5048,1,21,1,5,4,769,21.593,0,1,1,1
0.0387,92,28,4,4,1,520,0.128,0,1,1,0
0.1353,19,11,2,4,4,941,5.545,0,0,1,1
1.1899,39,7,0,1,4,970,1.457,0,1,1,0
0.0732,16,4,10,3,4,170,0.172,0,1,1,1
0.0772,93,22,3,5,2,409,0.175,0,1,1,0
0.0027,28,2,5,0,4,568,0.036,0,1,1,1
0.0063,4,27,5,0,4,244,0.012,0,1,1,0
1.2256,73,15,3,3,3,195,3.428,0,1,1,1
1.0554,6,21,10,5,0,63,1.224,0,1,1,1
0.0046,57,4,6,1,2,474,0.01,0,1,1,0
0.0844,6,20,8,0,0,949,0.206,0,1,1,0
1.0624,7,5,6,0,3,272,3.679,0,1,1,1
0.3604,100,17,10,5,3,159,5.703,0,1,1,1
0.0016,40,1,0,4,3,515,0.026,0,1,1,0
0.9543,8,19,1,5,1,414,3.817,0,1,1,1
0.1472,53,21,9,4,4,324,0.205,0,1,1,1
0.0243,85,20,4,3,2,952,0.053,0,1,0,0
3.0643,9,17,3,4,2,136,3.483,0,1,1,1
0.0036,69,22,4,4,4,9,0.004,1,1,1,1
1.1843,33,3,1,5,4,160,1.647,0,1,1,1
0.1659,33,16,7,2,0,95,3.393,0,1,1,1
0.0029,33,5,7,4,3,575,0.003,0,0,0,1
0.0812,47,18,8,1,3,131,0.087,0,0,1,0
0.0014,45,6,10,1,0,363,0.003,0,1,1,0
0.0035,30,27,2,1,3,26,0.004,1,1,1,1
0.2211,94,25,3,2,1,807,5.083,0,1,1,0
0.005,58,11,4,1,1,25,0.018,1,1,1,1
0.5089,44,20,8,3,4,340,0.524,0,1,1,1
2.3381,33,1,1,4,3,354,3.844,0,1,1,1
0.0223,73,6,4,0,3,2,0.032,1,1,1,0
0.3799,25,11,6,0,2,639,0.527,0,1,1,1
0.0121,52,10,6,5,2,568,0.013,0,1,1,0
1.4448,78,18,4,3,4,854,3.339,0,0,1,1
0.1956,59,14,7,5,1,524,0.245,0,1,1,1
0.002,65,21,10,4,2,96,0.003,0,1,1,1
0.005,3,1,3,3,4,871,0.006,0,1,1,1
0.3267,49,15,6,1,1,672,0.379,0,1,1,0
0.5302,28,5,8,3,0,571,1.155,0,1,1,1
0.217,71,19,5,3,4,835,0.261,0,1,1,0
1.3811,95,27,7,3,2,770,1.801,0,1,1,0
0.1562,35,14,1,5,2,241,0.288,0,1,1,1
0.0064,88,4,3,0,3,418,0.096,0,1,1,0
0.0231,98,18,0,4,3,489,0.031,0,0,1,0
2.1727,53,17,8,4,1,500,64.091,0,1,1,1
0.2382,51,23,2,3,1,638,0.401,0,1,1,0
0.002,54,4,7,1,0,267,0.006,0,1,1,0
0.0212,96,30,6,2,0,482,0.021,0,0,1,0
0.1886,99,30,10,0,0,973,0.303,0,1,1,0
0.0454,14,18,3,3,2,786,0.047,0,1,1,0
0.5276,20,30,4,0,4,27,0.581,1,1,1,1
1.9731,25,2,9,5,1,105,2.877,0,1,1,1
0.6121,72,25,0,2,4,439,0.943,0,1,0,1
0.0295,62,3,6,2,3,725,0.056,0,1,1,0
0.1431,68,24,7,3,3,846,0.168,0,1,1,0
0.002,57,7,7,4,4,685,0.002,0,1,0,1
0.0055,33,10,4,4,2,570,0.061,0,0,1,1
0.0513,97,7,7,5,3,459,0.227,0,1,1,0
0.0118,74,11,7,4,4,353,0.035,0,1,1,0
0.0089,32,7,1,5,1,324,0.012,0,1,1,1
0.0057,61,8,9,4,4,290,0.019,0,1,1,1
0.0114,90,17,2,2,0,998,0.012,0,1,1,0
0.4313,13,27,0,4,2,481,0.447,0,1,1,1
1.0376,14,26,1,3,3,76,6.651,0,1,1,1
2.0986,10,7,1,4,3,621,2.702,0,1,1,1
1.5127,38,27,9,3,2,583,2.04,0,1,1,0
0.0053,27,8,10,0,1,246,0.688,0,1,0,1
0.1198,37,1,3,2,2,720,0.505,0,1,0,1
0.588,75,21,3,3,0,558,2.183,0,1,1,1
0.0016,39,19,9,2,3,128,0.004,0,1,1,1
0.0776,56,2,9,0,3,753,0.809,0,1,1,0
0.8431,73,18,0,5,2,591,1.782,0,0,1,1
1.6079,23,18,6,5,3,993,4.777,0,1,1,1
1.0048,42,13,7,2,3,834,10.851,0,1,0,1
0.0025,98,12,8,0,4,474,0.007,0,1,1,0
0.1545,97,1,3,2,4,135,0.221,0,1,1,1
2.5469,77,25,3,5,1,319,26.069,0,1,1,0
1.5677,59,30,1,5,1,511,2.218,0,1,1,1
0.0488,60,7,7,4,1,393,0.065,0,1,1,1
0.0018,98,25,6,2,4,274,0.006,0,1,1,0
3.1344,62,27,2,3,4,496,5.744,0,1,1,1
0.0134,24,22,3,4,3,240,0.042,0,1,1,1
1.574,48,12,10,5,1,508,1.63,0,1,1,1
0.0022,56,3,8,3,0,740,0.002,0,1,1,1
0.5437,33,10,9,5,3,666,0.804,0,1,1,1
2.1852,80,22,7,4,0,633,2.372,0,1,1,0
0.4108,55,3,10,5,0,455,12.154,0,1,1,1
0.0016,45,11,6,1,1,544,0.009,0,1,1,0
0.1359,48,19,10,1,3,935,0.212,0,1,1,1
0.2157,59,28,4,5,4,162,0.218,0,1,1,1
2.3286,88,8,7,2,1,394,6.056,0,1,1,1
0.0109,89,9,0,5,3,282,0.014,0,0,1,0
1.5387,95,15,4,1,4,822,2.471,0,1,1,1
0.3336,84,21,2,5,0,926,0.422,0,1,0,1
0.0189,16,2,4,2,3,180,0.022,0,1,1,1
0.0571,34,26,2,2,3,991,0.167,0,1,1,1
2.3449,18,24,3,5,3,991,24.709,0,1,1,1
0.0084,15,14,5,5,2,599,0.022,0,1,1,1
0.0447,79,28,8,2,4,227,0.096,0,1,1,0
0.1872,14,4,0,0,2,505,0.347,0,1,1,0
0.0199,95,22,8,3,4,761,0.03,0,1,1,0
0.1428,35,1,5,1,3,456,1.374,0,1,1,0
0.0805,82,11,0,3,2,195,0.098,0,1,1,0
0.0055,81,19,0,0,2,250,0.026,0,1,1,0
0.087,75,6,3,2,1,808,0.101,0,1,0,1
0.0029,32,25,2,0,0,135,0.012,0,0,1,0
0.0041,6,4,6,4,0,764,0.011,0,1,1,0
0.0382,28,30,9,0,4,309,0.583,0,1,1,1
0.0254,87,3,7,5,3,76,0.166,0,1,1,1
0.1531,74,17,5,3,4,544,0.354,0,1,1,0
0.0025,83,20,8,5,1,441,0.007,0,1,1,0
0.0286,12,10,6,2,2,384,0.06,0,1,1,1
0.002,55,3,5,1,4,62,0.006,0,1,1,1
0.0173,85,30,6,5,0,992,0.16,0,1,1,0
0.0035,61,7,1,2,4,377,0.015,0,1,1,0
0.0919,98,26,9,4,4,27,0.132,1,1,1,1
0.009,97,9,5,2,0,186,0.022,0,1,1,0
0.1645,3,2,8,1,3,430,0.522,0,1,1,1
1.9721,76,2,0,1,1,773,7.153,0,1,1,1
0.0501,56,13,4,1,4,117,0.074,0,1,1,0
0.0699,39,1,3,3,4,57,0.325,0,0,1,1
0.0078,41,3,0,3,3,180,0.033,0,1,1,0
0.2179,45,2,6,5,0,447,0.253,0,0,1,1
0.1016,90,20,6,2,0,415,0.127,0,0,1,0
0.8168,46,2,6,0,1,447,2.048,0,1,1,1
0.0154,42,24,2,0,4,649,0.017,0,1,1,0
0.3514,82,26,2,1,0,150,2.237,0,1,1,0
0.0018,98,20,7,3,4,779,0.002,0,1,1,0
2.837,41,27,10,2,1,451,9.262,0,1,1,1
0.0016,64,2,4,3,3,39,0.02,0,1,1,0
0.9852,78,19,8,3,3,595,1.099,0,1,1,1
0.6829,83,6,5,4,3,514,6.323,0,1,0,1
0.0159,91,2,8,5,1,41,0.036,0,1,1,0
0.0036,47,29,4,3,3,794,0.005,0,1,1,0
0.0017,12,17,10,3,2,259,0.002,0,1,1,0
0.0147,74,21,2,2,2,991,0.11,0,1,1,0
0.002,71,12,10,2,1,687,0.002,0,1,1,0
0.0021,85,13,8,2,0,372,0.006,0,1,1,0
0.0047,17,4,1,2,0,520,0.005,0,1,1,1
0.0151,98,19,2,4,3,158,0.02,0,1,1,0
0.0038,56,1,6,2,1,993,0.005,0,1,1,0
0.074,39,30,7,1,2,695,0.159,0,1,1,1
0.0217,67,13,2,1,4,142,0.045,0,1,0,1
1.8622,91,27,8,0,2,86,2.056,0,1,1,1
0.034,28,26,7,2,0,425,0.142,0,1,1,0
0.0205,3,10,1,5,2,811,0.022,0,1,0,1
0.8107,97,22,7,3,4,6,3.692,1,1,0,1
1.9534,77,16,6,0,2,244,4.621,0,1,0,1
0.0398,14,26,7,4,4,17,0.055,1,1,1,1
0.001,45,7,9,3,1,681,0.003,0,1,1,0
0.0802,100,16,8,0,3,895,0.082,0,1,1,0
0.0011,100,2,5,1,0,791,0.008,0,1,1,0
0.0153,82,5,10,3,3,647,0.021,0,1,1,0
0.0013,25,1,3,0,2,956,0.002,0,1,1,0
0.0013,82,6,4,2,0,887,0.002,0,1,1,0
0.0251,56,28,6,2,1,509,0.031,0,1,1,0
0.0019,54,2,6,4,1,559,0.006,0,1,1,1
0.0364,91,13,2,5,3,360,0.04,0,1,1,0
0.0333,81,25,0,0,3,373,0.203,0,1,1,1
0.934,86,25,7,0,1,69,2.557,0,1,1,0
0.0013,19,21,7,2,2,455,0.002,0,1,1,1
0.1877,31,30,1,0,1,512,1.536,0,1,1,0
0.2912,27,19,4,5,3,205,0.64,0,1,1,0
0.0361,11,25,10,2,2,727,0.04,0,1,1,0
0.31,89,20,2,2,4,230,2.165,0,1,1,0
0.0012,70,18,5,3,4,133,0.004,0,1,1,0
0.3281,67,13,6,4,0,129,0.725,0,1,1,0
0.0161,99,17,10,4,1,787,0.018,0,1,1,1
0.0027,19,9,2,1,2,958,0.003,0,1,1,0
0.9136,32,6,10,4,2,129,9.322,0,1,1,1
0.1178,74,4,2,5,4,738,0.127,0,1,1,1
1.055,10,1,10,4,2,667,1.702,0,1,1,1
1.2927,69,9,10,2,3,251,4.296,0,1,1,1
0.0016,56,13,7,3,1,349,0.002,0,1,1,0
1.0297,51,4,5,4,4,109,3.798,0,1,1,1
0.0022,37,30,6,4,3,255,0.003,0,1,1,0
0.3342,24,24,2,3,4,479,11.893,0,1,1,0
0.0588,30,6,9,2,0,52,0.07,0,1,1,0
0.01,1,27,1,3,1,904,0.025,0,1,1,1
0.0015,71,6,5,4,2,76,0.003,0,1,1,0
0.1518,78,3,2,0,3,383,0.162,0,1,1,0
0.005,65,12,8,0,0,40,0.01,0,1,1,0
0.1324,65,4,5,4,2,167,0.157,0,1,1,0
0.0596,65,17,7,5,4,307,0.178,0,1,0,1
0.0287,39,25,10,0,4,486,0.03,0,1,1,1
0.0063,6,18,7,1,4,645,0.016,0,1,1,0
0.007,73,30,1,1,0,452,0.01,0,1,1,0
0.5157,60,27,0,5,1,532,0.777,0,1,1,0
0.0125,22,14,8,2,4,363,0.018,0,1,1,1
0.0084,61,6,3,2,4,306,0.028,0,1,1,1
0.0053,90,15,5,3,2,574,0.019,0,1,1,1
0.2334,48,28,6,2,1,298,2.792,0,0,1,0
0.1977,95,15,3,1,4,278,1.396,0,1,1,0
0.1132,31,1,10,4,1,654,0.339,0,1,1,1
0.2422,17,0,8,1,3,669,0.504,0,1,1,1
2.3643,41,9,10,0,0,668,3.263,0,1,1,0
1.5715,22,13,2,0,3,807,1.633,0,1,1,0
1.1711,1,9,9,4,0,951,1.184,0,1,1,1
0.0535,17,27,8,3,2,198,0.073,0,1,1,0
0.3274,1,23,5,2,4,691,0.382,0,1,1,0
0.7843,65,10,1,3,0,190,0.838,0,1,1,1
0.022,57,24,4,2,2,597,0.034,0,1,0,0
0.0016,15,14,4,1,3,703,0.002,0,1,1,1
0.0026,37,11,9,1,1,981,0.003,0,1,1,0
0.0285,70,29,7,4,1,781,0.033,0,1,1,1
0.0366,90,11,1,4,0,64,0.178,0,1,1,0
0.0038,66,14,1,5,1,735,0.007,0,1,1,0
0.0386,65,13,7,4,0,573,0.053,0,1,1,0
0.7204,95,6,9,0,0,434,0.725,0,1,0,0
0.0017,60,1,4,3,1,788,0.002,0,1,1,0
0.0204,48,14,6,3,0,700,0.149,0,1,1,0
0.0026,68,12,8,1,1,855,0.009,0,0,0,1
0.0805,68,12,3,1,3,355,0.092,0,1,1,0
0.0013,84,13,9,0,1,212,0.003,0,1,1,0
1.1291,31,23,0,3,3,240,1.453,0,1,1,1
3.0005,29,26,9,2,4,613,12.466,0,1,1,1
2.818,66,7,6,2,2,63,3.826,0,1,1,1
0.2375,71,15,0,2,3,805,0.578,0,1,1,0
0.0044,68,15,3,1,2,879,0.005,0,1,1,0
2.4392,71,16,2,3,1,262,2.644,0,1,1,0
0.0021,92,26,3,0,2,387,0.002,0,1,1,0
0.4634,92,21,8,1,3,214,0.484,0,1,1,1
1.9057,94,3,7,1,4,721,3.438,0,1,1,1
0.0215,68,20,5,2,2,369,0.209,0,1,1,0
0.044,40,29,3,2,2,424,0.059,0,0,1,1
0.0864,74,18,6,2,1,201,0.104,0,1,1,0
0.1955,87,10,4,3,3,472,1.127,0,1,1,0
0.0512,69,20,0,4,0,860,0.076,0,1,1,0
0.0278,80,7,1,5,1,10,0.427,1,1,1,0
1.8564,61,21,7,0,0,545,3.491,0,1,0,1
2.6374,2,16,10,3,1,110,10.774,0,1,1,1
0.0076,45,8,6,0,2,983,0.008,0,1,1,0
0.2478,10,20,10,0,0,416,4.076,0,1,1,1
0.004,63,27,6,5,2,580,0.004,0,1,1,0
0.0064,88,28,9,3,2,48,0.023,0,1,1,0
0.2011,22,29,5,0,1,602,0.245,0,1,1,0
0.0112,72,7,9,3,4,340,0.014,0,1,1,0
0.0019,95,11,0,0,3,238,0.002,0,1,1,0
0.0245,99,10,0,5,2,803,0.068,0,1,1,0
0.0325,87,18,10,3,0,791,0.045,0,1,1,1
0.0035,91,25,10,1,3,325,0.004,0,1,1,0
0.4621,13,4,1,1,3,460,4.287,0,1,1,1
0.0871,76,19,5,3,0,299,0.12,0,1,1,0
2.9823,31,18,8,1,3,174,6.016,0,1,1,1
0.0332,53,9,7,0,2,258,0.067,0,1,1,0
0.04,17,9,0,3,2,862,0.12,0,1,1,0
0.7148,83,19,2,2,2,618,2.251,0,1,1,0
2.4578,37,23,10,3,4,801,3.007,0,1,1,1
0.0025,72,6,9,4,1,699,0.003,0,1,0,0
0.0054,37,26,1,3,3,143,0.008,0,1,1,0
0.5778,9,14,9,3,4,411,0.664,0,1,1,1
0.0013,46,22,8,4,0,112,0.004,0,1,1,0
0.0014,82,21,10,3,2,989,0.014,0,1,1,1
0.4111,71,18,9,1,3,384,0.696,0,1,1,0
0.0161,3,15,1,2,3,943,0.017,0,1,1,1
0.0123,58,25,3,4,3,357,0.018,0,1,1,0
0.0112,90,3,0,2,0,694,0.015,0,1,1,0
0.0854,42,17,6,3,1,817,0.133,0,1,1,0
0.0013,78,28,3,3,4,440,0.006,0,1,1,0
0.6769,8,18,1,4,1,375,2.545,0,1,1,0
0.0703,81,10,9,3,4,402,0.083,0,1,1,1
0.7048,90,25,4,4,4,87,2.908,0,1,1,1
0.0203,18,16,6,3,4,142,0.041,0,1,1,1
1.6484,22,17,2,3,2,144,2.653,0,1,1,0
2.1451,62,4,3,3,4,518,4.34,0,1,1,1
0.0358,21,2,9,0,1,300,0.123,0,0,1,1
0.0955,98,24,7,4,4,116,0.175,0,1,1,0
0.0789,96,1,7,4,1,436,0.105,0,1,1,1
3.1448,57,8,5,0,3,887,13.06,0,1,1,1
0.1142,44,27,9,5,3,170,0.14,0,1,1,0
0.0989,68,8,9,4,1,332,0.172,0,1,1,0
0.0632,86,26,1,1,3,941,0.096,0,1,1,0
0.0029,18,22,5,1,3,502,0.005,0,1,1,1
0.0018,98,2,6,4,2,712,0.002,0,1,1,1
0.001,99,27,1,5,3,651,0.015,0,1,1,0
0.0058,54,26,3,3,2,331,0.01,0,1,1,0
0.05,43,28,10,0,0,102,2.358,0,1,1,0
0.0036,58,0,6,1,1,904,0.004,0,1,1,0
0.1955,32,2,5,5,1,54,0.279,0,1,1,1
0.1969,90,3,0,1,3,80,0.289,0,1,1,1
0.272,15,27,6,5,1,490,0.372,0,1,1,1
0.0125,38,4,6,1,1,71,0.019,0,1,0,1
0.3377,80,23,2,3,4,704,0.376,0,1,1,1
0.0027,93,12,5,3,2,811,0.03,0,1,1,0
0.1259,77,9,0,5,2,211,0.168,0,1,1,0
0.0016,30,15,6,0,1,512,0.002,0,1,0,1
0.0184,40,4,6,4,3,375,0.039,0,1,1,0
0.0018,75,2,0,2,1,41,0.004,0,1,1,0
0.312,98,13,6,5,3,85,1.989,0,1,1,1
0.0019,26,25,2,4,2,401,0.003,0,1,1,0
0.0122,55,23,3,0,1,89,0.02,0,1,1,0
0.2144,84,23,2,0,0,725,0.43,0,1,0,0
0.0646,92,8,2,2,1,768,0.073,0,1,1,0
0.0013,54,8,8,0,2,730,0.003,0,1,1,0
0.0016,72,5,5,1,2,792,0.002,0,1,1,0
0.0604,5,27,0,1,0,484,0.33,0,1,1,0
0.0013,91,23,10,3,1,330,0.004,0,1,1,0
0.1001,15,16,10,0,1,229,0.105,0,1,1,1
0.0424,36,24,4,2,0,567,0.144,0,1,1,0
0.3877,31,14,5,4,3,792,0.706,0,1,1,0
0.0034,52,0,3,4,2,652,0.004,0,1,1,1
0.1998,94,23,4,0,1,543,0.208,0,1,1,0
0.0031,35,2,0,1,4,423,0.003,0,1,1,1
0.0022,17,20,6,0,4,582,0.016,0,1,1,1
0.951,50,22,5,2,3,279,6.774,0,1,1,1
0.0024,13,5,7,3,2,417,0.003,0,1,1,1
0.0419,15,2,2,5,2,847,0.191,0,1,1,0
0.0033,91,7,5,3,4,51,0.003,0,1,1,1
0.026,57,17,8,1,0,474,0.207,0,1,1,1
0.5412,28,4,3,3,2,703,0.926,0,1,1,1
0.6992,2,2,3,5,3,829,0.842,0,1,1,1
0.0014,59,1,2,4,3,842,0.004,0,1,1,0
0.0173,23,8,4,3,1,36,0.027,0,1,1,0
1.2295,61,1,1,2,3,141,1.54,0,1,1,1
3.0151,69,25,0,3,2,492,3.302,0,1,1,1
0.0229,23,0,5,4,1,31,0.362,0,1,1,0
0.0713,98,18,3,1,0,254,0.087,0,1,1,0
0.0016,28,18,6,2,1,181,0.002,0,1,1,1
0.1176,90,22,5,4,4,146,0.119,0,1,1,0
0.0528,39,5,7,0,0,58,0.1,0,1,1,1
1.6317,25,25,2,2,1,941,25.376,0,1,1,1
0.2927,18,24,1,4,2,984,0.441,0,1,1,0
0.0151,41,4,2,5,3,811,0.047,0,1,1,0
0.0927,78,25,5,1,4,835,0.134,0,1,1,1
0.3556,89,30,9,3,4,34,0.439,0,1,1,0
0.1733,13,29,7,1,2,764,0.537,0,1,1,0
2.3484,90,21,10,5,2,458,3.38,0,0,1,1
0.5683,92,0,0,3,3,751,1.363,0,1,1,0
0.017,48,3,7,4,1,167,0.445,0,1,1,1
0.0082,13,2,5,1,3,165,0.009,0,1,1,1
0.12,78,28,7,5,0,442,0.135,0,1,1,1
0.0023,26,6,6,5,4,740,0.003,0,1,1,1
0.0022,50,18,8,3,1,56,0.007,0,1,1,0
0.1261,25,3,0,1,1,654,0.149,0,1,1,0
0.0246,62,28,10,2,0,658,0.028,0,1,1,0
0.0363,33,14,7,2,1,858,0.048,0,1,0,1
0.002,44,25,8,3,4,233,0.002,0,1,1,1
0.0749,60,18,3,3,2,81,1.891,0,1,1,0
0.0644,73,21,9,1,0,973,0.065,0,1,1,0
0.6755,16,1,6,0,3,207,0.809,0,1,1,1
1.541,8,2,6,4,3,566,3.343,0,1,1,1
0.5661,79,18,8,3,0,425,0.968,0,1,1,0
0.0022,13,18,1,2,4,902,0.006,0,1,1,0
0.1353,4,5,4,3,1,634,3.103,0,1,1,0
0.0145,30,1,7,2,2,21,0.046,1,1,1,0
1.0088,87,3,3,1,2,998,3.111,0,1,1,0
0.131,11,6,7,1,3,759,0.347,0,1,1,1
0.5891,8,9,8,3,1,800,17.429,0,1,1,1
0.8227,7,7,0,3,0,941,2.215,0,1,1,0
0.0245,15,21,0,1,2,501,0.028,0,1,1,0
0.0168,20,26,4,5,0,292,0.02,0,0,0,1
0.0056,28,20,3,5,1,276,0.006,0,1,1,0
0.2442,60,29,2,5,1,616,0.4,0,1,1,0
0.3123,90,20,4,3,3,873,0.665,0,1,1,0
0.7675,50,18,1,0,4,679,1.362,0,1,1,0
0.0098,87,3,7,0,2,284,0.037,0,1,1,0
1.3283,38,6,2,4,1,922,1.638,0,1,1,1
0.0131,17,23,0,5,3,303,0.033,0,1,1,1
0.3008,73,26,3,2,1,703,0.332,0,1,1,0
0.0596,21,26,10,4,1,301,0.227,0,1,1,0
0.468,23,30,10,2,0,228,1.507,0,1,1,0
0.0144,33,18,4,3,0,482,0.025,0,1,1,0
0.045,24,16,1,5,3,543,0.053,0,1,0,1
0.005,52,18,7,1,2,884,0.01,0,1,1,0
0.0042,81,1,0,3,2,215,0.005,0,1,1,0
0.4704,11,4,9,3,3,414,49.0,0,1,1,1
0.3608,1,28,5,4,1,19,1.428,1,1,1,0
0.016,16,3,6,4,4,314,0.053,0,1,1,1
0.3527,76,16,5,3,1,351,0.469,0,1,1,0
1.4932,51,0,3,1,1,217,8.626,0,1,1,1
0.1892,4,12,10,2,4,639,0.285,0,0,1,1
0.0012,88,3,6,3,3,127,0.008,0,1,1,0
0.1607,38,13,10,0,4,277,0.381,0,1,1,0
0.0617,79,3,4,0,0,510,0.231,0,1,1,0
0.0051,90,13,4,1,0,562,0.005,0,1,1,0
0.001,85,2,1,4,3,153,0.013,0,1,1,0
1.468,82,7,7,2,2,476,1.678,0,1,1,0
0.0182,86,10,6,5,0,98,1.247,0,1,1,1
0.1842,42,11,7,4,2,900,0.532,0,1,1,1
0.0252,58,8,6,5,3,820,0.147,0,1,1,1
0.3487,20,3,6,4,3,822,0.569,0,1,1,1
0.138,87,28,2,3,3,116,2.029,0,1,1,0
0.0011,86,16,9,5,4,230,0.003,0,1,1,1
0.2832,12,13,10,5,1,494,0.73,0,1,1,0
0.09,78,1,0,5,1,518,0.103,0,1,1,1
0.0526,30,10,4,0,4,229,0.064,0,1,1,1
0.0359,73,14,1,3,3,324,0.055,0,1,1,1
0.0277,71,17,0,0,4,987,0.054,0,1,1,0
0.224,43,11,0,1,3,340,0.471,0,1,1,0
0.3204,14,3,10,1,0,350,0.4,0,1,1,0
0.0204,13,1,2,3,1,842,0.183,0,1,1,0
0.0045,50,6,7,1,2,111,0.007,0,1,0,0
0.0027,57,14,10,4,4,138,0.004,0,1,0,1
0.0327,74,15,8,1,4,178,0.084,0,1,1,0
1.2287,64,28,6,3,4,938,3.065,0,1,1,1
0.0107,17,4,6,4,4,307,0.034,0,1,1,1
0.0866,27,6,3,4,2,704,0.088,0,1,1,0
2.2602,64,17,10,2,0,780,3.946,0,1,1,1
0.0289,95,28,8,2,3,828,0.075,0,0,1,1
0.0016,34,24,2,2,2,150,0.005,0,1,1,0
0.0013,57,3,9,5,4,886,0.003,0,1,1,1
0.6151,89,9,10,0,3,397,0.896,0,1,1,0
0.0015,95,8,3,4,3,850,0.002,0,1,1,0
0.1146,94,19,3,5,1,302,1.449,0,1,1,0
0.3739,15,12,0,3,2,570,0.442,0,1,1,1
0.0429,19,1,2,2,4,53,0.051,0,1,1,1
0.5817,70,11,1,5,2,539,7.99,0,1,1,1
0.0286,68,12,1,2,1,905,0.079,0,1,1,0
0.4308,67,15,8,5,0,118,0.476,0,1,1,0
0.1493,5,21,5,3,0,396,5.044,0,1,1,1
0.4974,65,25,8,3,3,45,1.537,0,1,1,1
0.0022,98,17,8,0,0,216,0.003,0,1,1,0
0.0023,68,26,6,5,0,765,0.003,0,1,0,1
0.0018,22,25,4,4,0,589,0.004,0,1,1,0
0.026,40,0,6,5,0,548,0.383,0,0,1,0
0.0014,9,11,8,0,2,806,0.005,0,1,1,0
0.0216,84,0,7,1,4,226,0.027,0,1,1,0
2.2933,18,9,10,5,2,981,4.115,0,1,1,1
0.001,76,12,8,4,0,313,0.001,0,1,1,1
1.4781,65,4,2,1,1,632,7.968,0,1,1,0
0.9613,96,29,8,3,4,75,9.36,0,1,0,1
0.0507,42,11,2,5,1,103,0.257,0,1,0,0
0.0141,84,9,9,1,4,581,0.033,0,1,1,1
0.0073,28,22,10,3,2,861,0.022,0,1,1,1
0.0362,99,9,7,4,0,180,0.127,0,1,1,0
1.3169,25,8,10,0,0,914,36.581,0,0,1,1
0.0262,75,6,0,4,2,557,0.04,0,1,1,0
0.0236,98,18,4,1,3,514,0.047,0,1,1,0
0.9288,78,21,2,4,1,457,1.635,0,1,1,0
0.0032,93,15,5,0,1,780,0.009,0,1,0,1
0.0053,46,12,7,3,0,41,0.008,0,1,1,0
0.8012,94,8,9,4,4,179,1.359,0,1,1,0
0.0019,32,12,3,4,3,362,0.002,0,1,1,0
0.0011,17,14,2,1,0,527,0.006,0,1,1,0
0.324,15,21,3,3,2,738,0.673,0,1,1,0
0.1842,52,0,3,0,1,588,0.358,0,1,1,0
0.0033,21,8,2,4,3,614,0.004,0,1,1,0
0.7491,10,6,7,4,3,889,1.811,0,1,1,1
0.1095,98,5,9,5,4,271,0.119,0,1,1,1
0.0017,48,12,2,0,0,208,0.002,0,1,1,0
0.1316,22,15,9,4,0,899,1.08,0,1,1,1
0.0029,77,17,0,5,3,535,0.004,0,1,1,0
1.9252,61,25,6,2,4,824,2.757,0,1,1,1
0.0029,61,24,3,0,2,613,0.015,0,1,1,0
0.5794,73,16,1,4,0,385,1.815,0,1,1,0
0.0035,83,18,4,2,4,434,0.004,0,1,1,0
0.0052,70,25,8,3,1,380,0.005,0,1,1,0
0.5125,50,23,2,5,0,766,0.54,0,1,1,1
0.0601,100,10,8,4,0,165,0.075,0,1,1,0
0.0448,76,13,1,0,2,228,0.062,0,1,1,0
0.0252,83,16,4,5,4,59,0.039,0,1,1,1
0.0051,84,29,8,2,1,35,0.007,0,1,1,0
0.2286,46,7,10,0,1,89,0.641,0,1,1,0
0.1125,66,0,1,0,4,292,0.192,0,1,1,0
0.715,28,19,3,3,3,589,1.406,0,0,1,1
0.0577,43,30,1,4,2,898,0.227,0,1,1,0
0.0209,61,24,3,2,3,698,0.649,0,1,1,1
0.0017,81,25,3,5,1,820,0.003,0,1,1,1
0.8177,31,9,1,3,2,78,2.577,0,1,1,1
0.1019,23,30,10,1,3,755,0.117,0,1,1,1
0.0051,31,26,9,2,1,798,0.008,0,1,1,0
0.1407,97,27,8,0,3,381,0.143,0,1,1,0
1.0982,62,5,8,2,3,228,2.08,0,1,1,1
1.9444,4,16,5,3,1,469,4.201,0,1,1,1
0.0011,26,12,9,0,2,371,0.002,0,1,1,1
0.0446,78,10,5,1,3,435,0.119,0,1,1,0
0.0095,23,18,2,4,1,834,0.04,0,1,1,0
0.0215,18,25,2,3,0,181,0.024,0,1,1,0
0.074,40,25,7,2,2,576,0.715,0,1,0,1
0.0057,32,15,10,0,3,763,0.01,0,1,1,0
0.008,2,13,1,2,4,204,0.015,0,1,1,0
0.0099,41,21,8,3,3,911,0.021,0,1,1,0
1.0937,81,25,5,3,4,586,13.067,0,1,1,1
0.0125,83,9,4,4,3,278,0.013,0,1,1,0
0.0666,57,13,2,1,0,129,0.071,0,1,1,0
0.0019,21,12,1,0,0,960,0.061,0,1,1,0
0.4759,10,3,4,4,1,87,1.521,0,1,1,1
0.0099,80,4,2,4,1,30,0.011,0,0,1,0
0.0432,69,29,4,4,3,139,0.238,0,1,1,0
0.1617,81,28,9,3,4,656,0.461,0,1,1,0
0.6554,56,9,5,3,2,160,0.803,0,1,0,0
0.016,60,17,0,5,3,970,0.021,0,1,1,0
0.1229,0,17,5,1,3,904,0.734,0,1,1,0
0.0231,48,7,4,0,3,641,0.025,0,1,1,0
0.249,36,20,8,2,3,193,0.85,0,1,1,1
0.1452,34,22,9,3,1,329,0.27,0,0,0,1
0.0023,34,4,7,5,0,239,0.01,0,1,0,1
0.5624,63,11,7,5,0,339,3.739,0,1,1,1
0.0236,69,15,2,1,2,837,0.024,0,1,0,0
0.0222,56,7,0,1,3,753,0.023,0,1,1,0
0.2427,39,29,5,1,0,763,0.944,0,1,1,0
0.005,6,27,10,1,0,242,0.029,0,1,1,1
0.0026,31,0,0,4,3,705,0.028,0,1,1,1
0.0021,79,10,10,0,0,365,0.003,0,1,1,1
0.0065,71,25,10,2,3,751,0.018,0,1,1,1
1.3974,62,22,7,4,2,556,7.328,0,1,1,1
0.3659,35,27,9,4,1,71,0.446,0,1,1,1
0.0388,99,20,8,3,1,905,0.05,0,0,1,1
0.3338,84,30,8,3,1,537,2.107,0,1,1,0
0.0272,41,3,1,4,0,45,0.031,0,1,1,0
0.05,12,1,9,5,3,674,0.084,0,1,1,1
0.0059,91,2,0,1,3,951,0.007,0,1,0,1
0.0898,53,26,5,5,0,844,0.122,0,1,1,0
0.0019,27,30,8,0,0,743,0.01,0,1,1,0
0.0989,22,17,8,3,0,785,0.214,0,1,1,0
1.2299,21,25,2,4,3,517,1.232,0,1,1,1
0.0171,40,17,5,2,3,783,0.052,0,1,1,1
0.0812,48,24,8,5,2,369,0.203,0,1,1,0
2.7564,76,0,8,1,2,7,3.219,1,1,1,1
0.753,88,26,4,4,4,570,7.621,0,1,1,1
0.0035,33,11,9,1,1,263,0.009,0,1,1,0
0.3715,92,10,7,1,3,846,0.453,0,1,1,1
0.177,4,23,9,3,0,799,0.504,0,1,1,0
0.0287,15,27,3,5,4,951,0.074,0,0,1,1
0.0014,69,18,2,2,4,715,0.002,0,1,0,1
0.0363,76,18,8,0,1,443,0.266,0,1,1,1
0.1,6,17,6,2,0,409,0.742,0,1,1,1
0.0907,62,12,10,4,1,575,0.363,0,1,1,1
0.5232,41,21,9,0,0,688,2.69,0,1,1,0
0.1968,98,9,2,2,4,842,1.311,0,1,1,1
0.7305,25,21,5,1,0,116,1.173,0,1,1,1
0.8195,36,0,5,5,0,313,3.847,0,1,0,1
0.0052,66,24,4,4,3,638,0.007,0,1,1,1
0.1098,84,16,0,2,1,62,0.177,0,1,1,0
0.1957,1,2,6,5,2,679,0.226,0,1,1,1
1.0863,83,12,3,3,4,727,1.252,0,1,1,1
0.0045,64,30,7,4,0,41,0.013,0,1,1,0
0.0035,44,21,5,2,2,242,0.013,0,1,1,1
0.008,49,28,0,4,2,231,0.012,0,1,1,1
0.0218,86,19,10,5,1,428,0.022,0,1,1,0
0.0142,69,4,3,5,1,595,0.016,0,1,1,0
0.2937,67,29,2,3,1,672,0.915,0,1,1,0
2.0898,15,5,5,1,0,784,2.174,0,1,1,1
0.407,81,29,4,1,1,110,0.413,0,1,0,0
0.1317,78,7,9,1,1,704,0.169,0,0,0,1
0.9151,60,22,10,2,1,873,5.447,0,1,1,1
0.0269,1,29,4,3,1,761,0.129,0,1,1,1
2.1951,56,27,9,3,2,888,5.383,0,1,1,1
0.3747,48,23,5,3,4,962,0.71,0,1,1,0
0.5678,66,3,7,3,0,899,1.424,0,1,1,0
0.0895,66,24,10,0,1,299,0.116,0,1,1,0
0.0038,37,19,0,5,4,926,0.008,0,1,1,0
0.0025,99,18,8,1,3,424,0.005,0,1,0,0
1.3655,58,2,4,2,1,736,1.929,0,1,1,0
0.002,90,12,8,4,1,388,0.011,0,1,0,1
1.1209,19,5,2,1,0,430,1.166,0,1,1,1
0.0043,16,30,3,0,4,784,0.005,0,1,1,0
0.001,63,7,3,4,3,465,0.002,0,1,0,1
0.0824,79,20,8,1,0,190,1.986,0,1,1,0
0.216,77,9,5,0,0,112,0.321,0,1,1,0
0.2632,76,18,8,1,3,768,2.694,0,1,1,0
0.0195,48,26,1,3,4,67,0.028,0,1,1,0
0.0699,67,6,3,4,0,112,0.132,0,1,1,1
0.3422,77,29,4,3,4,869,0.344,0,1,1,0
0.0028,72,15,8,5,3,505,0.012,0,1,1,1
0.0048,15,0,7,5,0,756,0.005,0,1,1,1
0.0147,71,25,10,1,0,656,0.019,0,1,1,0
0.0593,41,24,0,0,2,350,0.062,0,1,1,0
0.0048,43,29,10,3,3,817,0.03,0,0,1,1
1.0673,42,14,6,5,0,856,1.57,0,1,1,1
0.0012,73,21,5,2,0,993,0.004,0,1,1,0
0.0741,21,18,9,3,1,610,0.238,0,1,1,0
0.3051,34,13,1,3,1,381,1.386,0,1,1,0
0.0025,100,1,3,0,3,519,0.005,0,0,1,1
1.7089,93,27,8,2,2,147,1.74,0,1,1,1
2.9821,26,23,0,3,3,731,9.485,0,1,1,1
0.9299,11,10,7,0,0,534,33.938,0,1,1,1
0.1722,26,10,3,1,2,284,0.256,0,1,1,1
0.0036,14,0,9,4,4,105,0.011,0,1,1,1
0.2919,36,18,3,1,0,319,0.654,0,1,1,1
0.0444,86,1,1,3,0,89,0.074,0,1,1,0
0.8445,89,14,9,2,2,341,1.256,0,1,1,1
2.5579,96,24,7,4,1,96,5.432,0,1,1,1
0.2487,90,24,7,3,1,971,0.402,0,1,1,0
0.0236,89,29,10,2,2,465,0.201,0,1,0,1
0.9124,36,24,5,4,4,131,1.275,0,1,1,1
0.0884,9,25,4,4,3,411,0.357,0,1,1,1
0.0488,8,10,3,5,4,442,0.062,0,1,1,1
0.0067,84,21,1,5,4,857,0.014,0,1,1,0
0.7535,22,9,6,0,4,112,0.918,0,1,1,1
0.1809,7,2,3,1,4,925,0.239,0,1,1,0
0.0385,37,12,9,4,3,201,0.127,0,1,1,1
0.239,55,22,5,0,4,9,0.282,1,1,1,0
0.0017,70,30,0,0,4,841,0.006,0,1,1,1
0.0324,75,12,10,2,3,416,0.049,0,1,1,1
0.0046,49,26,5,3,1,296,0.033,0,1,1,1
0.0011,92,28,7,5,3,999,0.002,0,1,1,1
0.0395,100,22,9,3,4,185,0.048,0,1,1,1
0.0062,54,19,0,4,3,868,0.023,0,1,1,0
0.104,4,1,9,3,2,116,1.228,0,1,1,1
0.0696,96,24,4,3,4,81,0.28,0,1,1,0
0.2104,85,2,10,5,4,818,0.233,0,1,1,1
0.0011,58,16,7,4,2,432,0.004,0,1,1,1
0.2708,76,23,4,5,4,267,1.564,0,1,1,1
2.926,94,19,0,2,3,85,3.728,0,1,0,1
0.143,35,27,4,0,0,619,0.92,0,1,1,0
0.6721,33,25,3,3,1,819,0.683,0,1,0,0
0.1215,19,26,7,3,3,244,0.709,0,1,1,1
0.8839,6,20,4,0,0,172,1.846,0,1,1,0
1.6928,29,12,10,5,3,486,3.868,0,1,1,1
0.6174,48,21,5,4,0,100,0.646,0,1,1,0
1.6336,34,10,4,2,0,262,2.11,0,1,1,0
0.3716,75,24,3,4,2,694,0.676,0,1,1,0
0.8145,1,13,1,4,0,702,2.839,0,1,1,1
0.0012,11,1,9,5,1,974,0.001,0,1,1,1
0.1307,48,21,10,4,1,918,0.438,0,1,1,0
0.0018,58,29,4,3,2,264,0.002,0,1,0,0
0.0146,7,8,4,1,3,72,0.024,0,1,1,1
0.0527,18,17,6,1,4,659,0.201,0,1,1,1
0.0018,93,8,7,0,3,153,0.042,0,1,0,1
0.0034,42,28,6,4,0,528,0.007,0,1,1,0
0.3525,100,2,8,1,0,394,0.727,0,1,1,0
1.8735,45,10,10,2,3,57,19.68,0,1,1,1
2.308,10,26,7,2,1,181,3.484,0,1,1,1
0.0232,13,20,5,3,0,907,0.161,0,1,1,1
0.3304,75,7,7,3,0,812,0.616,0,1,1,0
0.0374,2,1,5,0,2,807,0.173,0,1,1,0
0.0678,86,27,8,1,4,239,0.465,0,1,0,0
0.0446,79,1,3,5,1,15,0.144,1,1,0,0
0.0395,21,26,9,0,0,117,0.176,0,1,1,0
0.031,94,21,6,2,0,1000,0.095,0,1,1,0
0.0056,5,18,2,2,0,124,0.033,0,1,1,0
0.0038,31,29,9,0,1,103,0.01,0,1,1,1
1.1987,10,0,0,1,0,724,2.86,0,1,1,0
0.5058,88,4,3,1,2,536,2.83,0,1,1,0
0.1222,91,15,9,0,2,357,0.624,0,1,1,0
2.6228,79,11,8,4,1,476,9.367,0,1,1,1
0.614,87,27,7,3,1,164,0.95,0,1,0,1
0.0332,42,19,7,0,0,759,0.205,0,1,1,1
0.0634,9,28,3,5,3,607,0.085,0,1,1,0
0.0064,14,10,3,0,1,756,0.007,0,1,1,1
0.1116,6,28,6,1,1,951,0.296,0,1,1,0
0.0048,45,8,3,2,1,33,0.034,0,1,0,0
0.0403,21,24,5,1,2,619,0.042,0,1,1,0
0.1055,70,27,3,0,3,878,0.479,0,1,1,0
0.0417,1,23,6,5,1,254,0.047,0,1,1,0
0.0033,73,28,0,3,0,42,0.007,0,1,1,0
0.024,89,26,1,3,3,247,0.035,0,1,1,0
0.0058,45,9,3,5,0,17,0.008,1,1,1,0
0.4126,3,14,7,1,3,190,0.884,0,1,1,0
1.0265,9,12,5,4,0,304,1.085,0,1,1,1
0.6035,100,21,1,4,2,754,0.663,0,1,1,0
0.0015,49,11,7,4,0,375,0.002,0,1,1,0
0.5099,17,10,3,4,0,665,0.876,0,1,1,0
0.0054,95,24,3,2,2,920,0.019,0,1,1,1
0.0162,62,16,8,0,3,727,0.018,0,1,1,0
0.0194,86,30,1,1,3,90,0.066,0,1,1,0
0.0024,35,3,2,3,1,896,0.087,0,1,1,0
0.2446,16,15,5,3,3,756,3.618,0,1,1,1
0.0065,66,20,5,3,4,352,0.013,0,1,1,0
0.0717,70,14,7,2,4,136,0.091,0,1,1,1
0.02,36,24,0,1,2,292,0.022,0,1,1,0
0.01,22,26,10,1,1,244,0.017,0,1,1,1
0.0197,26,17,0,5,2,353,0.02,0,1,1,0
0.0027,3,12,7,1,3,951,0.004,0,1,0,0
0.0144,90,9,7,2,4,683,0.016,0,1,1,1
0.2582,93,15,0,1,4,120,0.307,0,1,1,0
0.0021,7,19,10,1,4,540,0.007,0,1,1,1
0.0766,57,21,10,0,4,404,0.126,0,1,1,0
1.512,46,12,2,5,3,379,4.342,0,1,0,1
0.0363,71,2,3,5,3,760,0.124,0,1,1,0
2.4904,54,23,6,1,4,613,5.219,0,1,1,1
2.8394,8,29,9,3,0,7,6.803,1,1,1,1
0.3061,96,29,2,1,1,853,6.513,0,1,1,0
0.8338,38,15,8,5,3,230,3.13,0,0,0,1
0.8315,60,3,10,5,2,428,1.286,0,1,1,1
0.4748,63,2,9,5,2,596,1.815,0,1,1,1
2.5698,15,11,8,5,4,18,40.661,1,1,1,1
1.1861,17,11,2,0,2,370,3.302,0,1,1,1
0.0714,9,16,3,5,1,784,0.131,0,1,1,0
0.7832,87,25,4,2,2,99,5.292,0,1,1,1
0.0097,99,15,6,2,1,105,0.012,0,1,1,0
0.0902,88,26,8,4,4,720,0.195,0,1,1,1
0.7344,2,15,5,2,2,143,1.225,0,1,1,0
0.0157,90,9,0,5,0,228,0.023,0,1,1,0
0.0054,10,13,1,0,0,794,0.027,0,1,1,1
0.2038,75,1,7,0,2,45,0.27,0,1,1,0
1.6609,26,18,3,1,2,30,1.763,0,1,1,0
0.0165,20,27,8,5,4,248,0.02,0,1,0,1
0.0709,91,6,4,1,4,5,0.325,1,1,1,0
0.3,46,22,9,1,3,690,0.838,0,1,1,1
0.0056,29,13,1,2,0,478,0.007,0,1,1,0
0.0891,5,2,5,3,0,395,0.282,0,1,1,0
0.0358,70,13,4,3,1,878,0.075,0,1,1,0
0.0042,86,15,10,0,3,449,0.034,0,1,1,0
0.2708,13,23,2,0,2,999,0.321,0,1,1,0
0.0065,54,23,7,2,4,608,0.01,0,1,1,1
0.0463,77,30,6,3,4,286,0.366,0,1,1,0
0.0064,17,0,1,5,0,851,0.007,0,1,1,0
0.2384,19,9,9,4,0,779,0.31,0,1,1,0
0.0051,84,15,7,4,2,556,0.009,0,1,1,0
0.0013,55,28,1,3,3,323,0.032,0,1,1,0
0.2032,99,9,2,3,3,138,0.266,0,1,1,0
0.0521,70,21,8,4,3,488,0.861,0,1,1,1
0.1171,48,19,10,2,2,329,0.883,0,1,1,1
0.6815,74,0,10,2,3,100,1.643,0,1,1,1
0.0072,30,20,4,4,0,933,0.061,0,1,1,1
0.0766,4,14,10,3,4,528,0.11,0,1,1,1
2.8195,48,18,6,2,4,101,4.167,0,1,1,1
0.0575,97,21,5,1,4,307,0.115,0,1,1,0
0.5689,68,6,4,2,0,305,2.476,0,1,1,0
0.0021,74,3,9,2,2,69,0.005,0,1,1,1
0.0019,38,16,4,3,4,321,0.003,0,1,1,1
0.4699,23,28,0,5,4,884,0.709,0,1,1,0
1.9203,34,29,10,4,4,874,3.379,0,1,1,1
0.0673,46,14,2,1,1,765,0.154,0,1,1,0
0.8049,8,20,3,3,2,844,1.169,0,1,1,1
0.0068,19,6,0,1,2,476,0.016,0,1,1,0
0.0051,34,4,0,2,2,675,0.109,0,1,1,0
0.5468,7,27,1,2,4,306,1.334,0,1,1,1
0.2,11,12,2,1,0,585,0.381,0,1,1,0
2.108,67,8,7,0,1,615,6.338,0,1,1,1
0.0232,95,23,3,3,1,148,0.083,0,1,1,0
1.0475,7,15,8,2,0,325,4.188,0,1,1,1
0.5558,18,11,7,5,2,842,0.614,0,1,1,1
0.3873,6,22,10,1,2,566,0.552,0,1,1,0
0.2502,68,27,3,3,3,9,0.256,1,1,1,1
0.0021,96,7,4,1,1,938,0.003,0,1,1,0
0.5789,35,27,1,3,3,755,0.805,0,1,1,0
0.7428,20,22,4,4,0,361,1.351,0,1,1,1
0.2712,97,1,10,5,1,646,33.481,0,1,1,1
0.0117,73,2,1,1,1,529,0.018,0,1,1,0
0.12,52,25,5,3,3,895,0.174,0,1,1,0
0.6286,25,2,6,2,1,403,0.71,0,1,1,1
2.0815,71,20,9,5,1,929,7.84,0,1,1,1
0.0015,79,13,9,2,1,92,0.003,0,1,1,1
0.0693,98,29,7,5,3,122,0.073,0,1,1,0
0.0085,95,15,6,1,3,877,0.01,0,1,1,0
0.0046,23,13,2,0,2,1000,0.005,0,1,1,0
0.2483,58,2,0,3,1,893,0.361,0,1,1,0
0.3017,94,19,4,0,0,571,1.264,0,1,1,0
3.0803,85,30,9,5,0,6,10.066,1,1,1,1
0.0199,71,1,9,1,2,174,0.023,0,1,1,1
0.0129,67,13,2,2,0,321,0.015,0,0,1,0
0.4144,55,9,4,4,2,530,1.299,0,1,1,0
0.4708,19,17,10,5,3,55,2.515,0,1,0,1
0.0037,59,13,1,3,0,453,0.008,0,1,1,0
0.9129,18,3,5,0,1,890,1.215,0,1,1,0
0.0936,84,18,3,4,0,539,0.102,0,1,1,0
0.0554,12,28,5,0,2,698,0.147,0,1,1,0
0.0024,41,4,0,0,3,851,0.004,0,1,1,0
0.2009,42,1,10,4,3,333,0.221,0,1,1,1
0.0028,6,25,10,2,2,818,0.003,0,1,0,1
0.0249,22,7,6,0,0,873,0.061,0,1,1,0
2.1904,19,3,4,3,3,754,3.191,0,1,1,1
0.2135,47,16,3,3,3,907,0.354,0,1,1,1
0.0301,47,19,2,3,3,96,0.065,0,0,1,1
0.2522,19,29,7,4,4,86,0.278,0,1,1,1
0.0033,16,21,4,1,4,438,0.041,0,1,0,1
0.0024,54,13,1,3,4,833,0.028,0,1,1,0
0.0025,84,14,2,1,3,47,0.008,0,1,1,0
0.0391,85,14,9,2,2,990,0.182,0,1,1,1
2.7394,33,27,10,0,3,548,150.516,0,0,1,1
0.0408,51,27,10,5,4,744,0.042,0,1,1,1
0.2282,88,21,6,2,0,129,0.279,0,1,1,0
0.0046,3,6,7,5,1,666,0.005,0,1,1,1
0.002,98,14,2,3,3,23,0.003,1,1,1,0
0.0498,2,27,7,4,1,207,0.126,0,1,1,1
0.0023,91,13,6,3,4,611,0.055,0,1,1,1
0.0626,92,19,10,3,1,732,0.108,0,1,0,0
0.0087,82,13,7,0,3,638,0.012,0,1,1,1
0.0102,24,15,5,3,1,520,0.03,0,1,1,0
0.8885,84,14,2,2,3,983,1.358,0,1,1,0
0.045,20,19,3,2,0,684,0.28,0,1,1,0
0.5987,63,9,3,1,4,49,2.264,0,1,1,0
0.0041,64,1,1,2,3,117,0.018,0,1,1,0
0.0155,45,24,0,4,2,918,0.03,0,1,1,0
0.2968,56,25,7,0,0,801,0.313,0,1,1,0
0.0014,13,5,10,0,1,933,0.002,0,1,1,0
0.0555,12,4,10,2,2,839,0.126,0,1,1,1
0.4916,31,26,7,2,2,518,0.686,0,1,1,1
0.1596,31,4,8,3,1,142,0.387,0,1,1,1
0.9624,87,11,0,3,1,789,1.02,0,0,1,1
0.0126,98,5,6,0,3,778,0.081,0,0,1,0
2.6428,91,25,10,4,2,430,4.755,0,1,1,1
0.3976,44,0,4,4,4,943,0.616,0,1,1,0
0.1532,79,20,7,5,2,909,0.197,0,1,1,0
0.002,68,10,6,5,1,533,0.021,0,1,1,0
0.0668,96,20,2,0,0,912,0.273,0,1,1,0
0.349,64,3,0,2,2,643,0.461,0,1,1,0
0.0372,73,23,0,3,2,242,0.066,0,1,1,0
0.1574,68,27,9,1,2,307,0.22,0,1,1,0
0.3164,66,23,3,0,2,529,0.868,0,1,1,0
0.3096,52,2,1,0,3,910,3.744,0,1,1,0
0.0257,71,16,6,2,4,511,0.037,0,1,1,0
0.3639,53,26,2,1,4,131,0.376,0,1,1,0
0.0711,88,6,7,3,0,765,0.077,0,1,1,1
0.9619,14,3,5,4,2,42,3.119,0,1,1,1
0.0107,3,25,2,1,4,432,0.012,0,0,1,1
0.7361,62,0,1,4,2,70,1.28,0,1,1,0
1.4158,100,12,7,5,4,136,3.054,0,1,1,1
0.0373,93,10,1,4,4,420,0.109,0,1,1,1
0.2221,56,23,4,5,0,887,0.351,0,1,0,0
0.012,82,3,10,4,0,198,0.016,0,1,1,0
0.067,96,15,8,0,0,675,2.803,0,1,1,0
0.0072,90,26,9,3,0,827,0.012,0,1,1,0
1.8555,43,13,2,3,0,881,19.409,0,1,1,0
0.0787,36,4,2,2,0,158,0.454,0,1,1,0
0.0138,3,22,0,2,3,102,0.042,0,1,1,0
0.789,15,1,3,1,4,601,1.557,0,1,1,0
0.0088,40,14,8,3,0,496,0.01,0,0,1,1
0.0869,75,21,1,1,4,668,0.212,0,1,1,1
0.168,26,25,2,2,4,173,0.394,0,1,1,0
0.0381,0,26,7,4,2,669,0.041,0,1,0,1
0.1237,87,12,5,5,1,600,0.747,0,1,1,0
0.0018,11,12,1,1,4,287,0.004,0,1,1,0
1.241,43,20,4,5,3,280,3.598,0,1,1,1
0.1254,2,29,2,5,0,624,0.186,0,1,1,0
1.3597,90,15,6,4,0,807,2.513,0,1,1,0
0.7181,56,21,1,2,3,848,0.855,0,1,1,0
2.7751,15,14,5,1,3,10,9.747,1,1,0,1
0.0179,11,26,9,5,2,828,0.036,0,1,1,1
0.0096,90,22,9,1,0,201,0.083,0,1,1,0
0.0564,21,17,3,5,4,689,0.806,0,1,1,1
0.0017,33,29,9,1,4,747,0.003,0,1,1,0
0.2663,68,19,4,5,4,905,0.414,0,1,1,0
0.0015,41,13,6,2,0,697,0.003,0,1,1,1
0.3344,6,8,6,4,3,324,3.87,0,0,1,1
0.0012,94,7,6,0,1,202,0.002,0,1,1,0
0.0479,3,18,10,2,2,254,0.139,0,1,1,1
0.0147,30,30,1,4,4,450,0.025,0,1,1,1
0.0016,4,12,5,5,0,802,0.004,0,1,1,1
0.1555,8,3,10,0,4,54,1.549,0,1,1,1
0.0065,76,25,10,4,0,465,0.007,0,1,1,0
0.0154,86,25,0,3,4,337,0.895,0,1,1,0
0.1189,24,28,9,1,4,263,0.191,0,1,1,1
0.003,5,1,2,2,4,447,0.008,0,1,1,1
0.0783,18,4,7,2,4,352,0.151,0,1,1,1
0.0032,30,16,8,0,3,353,0.004,0,1,1,0
0.0157,85,15,7,4,2,873,0.025,0,1,1,0
0.0037,58,28,0,3,1,943,0.016,0,0,1,0
0.0069,94,24,5,5,3,211,0.59,0,1,1,1
0.0179,71,3,2,2,3,200,0.049,0,1,1,0
0.005,36,5,3,2,1,348,0.025,0,1,1,1
0.0082,12,0,10,1,3,671,0.009,0,1,1,1
0.0069,47,21,2,4,4,903,0.056,0,1,1,0
0.0029,24,6,8,3,2,326,0.012,0,1,1,1
0.1433,24,27,8,2,1,336,0.505,0,1,1,1
0.0601,74,28,7,1,0,804,0.865,0,1,1,0
0.4262,82,24,8,2,3,532,1.131,0,1,1,0
0.3197,63,15,4,4,3,654,7.722,0,1,1,1
0.0051,30,12,3,2,3,911,0.006,0,1,1,1
0.002,96,2,4,3,4,361,0.004,0,1,0,1
0.0379,55,13,5,3,2,280,0.16,0,1,1,0
0.0181,10,9,8,4,4,660,0.078,0,1,1,1
0.0182,69,6,5,1,2,257,0.027,0,1,1,0
0.295,17,27,8,2,0,789,0.376,0,1,1,0
0.0263,74,24,10,0,3,670,0.171,0,1,1,0
0.0062,95,6,7,1,4,602,0.009,0,1,1,0
0.5912,40,27,3,3,3,215,16.891,0,1,1,1
1.1432,39,30,0,3,2,348,1.516,0,1,1,0
0.2611,38,10,9,0,4,805,0.267,0,0,1,0
0.0974,77,29,9,4,3,391,0.181,0,1,1,1
0.0024,72,30,7,5,2,96,0.013,0,1,1,0
0.1294,3,5,3,0,3,291,0.246,0,1,1,0
0.0195,1,5,5,3,3,161,0.046,0,1,1,0
0.023,26,4,3,2,3,838,0.038,0,1,1,0
0.1138,64,22,10,3,2,207,1.656,0,0,1,1
0.6706,67,10,9,3,3,474,2.301,0,1,1,0
0.0395,89,26,4,3,4,844,0.156,0,1,1,0
0.3684,58,12,10,1,4,98,1.513,0,1,1,0
0.0091,80,17,4,5,0,715,0.01,0,1,1,0
0.464,15,11,1,0,4,785,2.746,0,1,1,1
0.0014,3,2,10,5,3,391,0.007,0,1,1,1
0.0075,90,29,2,2,3,497,0.011,0,1,1,0
0.034,60,26,4,1,1,859,0.114,0,0,1,0
0.0233,9,21,0,5,2,158,0.033,0,1,1,0
0.073,56,22,0,5,4,657,0.68,0,1,1,0
0.0358,76,0,0,3,1,952,0.175,0,1,1,1
0.0013,1,10,3,5,0,226,0.002,0,1,1,0
0.342,5,13,8,0,2,331,1.62,0,1,1,0
1.933,15,7,3,0,2,332,6.046,0,1,1,1
0.0403,8,21,4,5,4,378,0.097,0,0,1,1
0.056,13,22,8,4,1,258,0.057,0,1,1,0
0.2359,98,22,2,2,1,651,0.241,0,1,1,0
0.0017,2,19,9,3,3,524,0.003,0,1,1,0
0.0065,78,24,1,2,1,756,0.077,0,1,1,0
0.0557,25,4,6,1,0,244,0.059,0,1,1,0
0.0141,35,10,10,0,4,811,0.048,0,1,1,1
0.921,42,10,3,1,4,56,3.653,0,1,1,1
0.3298,77,27,6,4,2,188,0.379,0,1,0,1
0.0047,81,4,3,1,0,178,0.005,0,1,1,0
0.0019,92,14,4,1,1,251,0.006,0,1,1,0
2.438,25,8,7,0,2,408,5.728,0,1,1,1
0.0329,19,26,7,0,3,438,0.036,0,1,1,0
0.0034,93,5,4,3,3,314,0.006,0,1,1,1
0.003,60,6,2,1,0,14,0.008,1,1,1,0
0.0285,50,23,5,3,3,316,0.069,0,1,1,1
1.6812,49,29,9,1,1,782,1.84,0,1,1,0
0.0608,62,20,5,5,0,667,0.243,0,1,1,0
1.6793,46,20,10,0,1,268,11.077,0,1,1,1
0.1057,84,26,2,0,0,790,0.273,0,1,1,0
2.5675,10,16,3,3,1,850,5.103,0,1,1,1
1.2685,75,9,6,5,0,112,3.648,0,1,1,1
0.4174,95,12,4,0,1,836,0.539,0,1,1,0
0.0288,36,23,6,1,1,384,0.059,0,1,1,0
0.0024,72,26,3,1,1,61,0.012,0,1,1,0
1.1237,56,20,9,0,1,82,4.007,0,1,1,1
0.1121,61,15,10,0,0,63,0.168,0,1,1,0
0.0014,27,16,0,3,4,533,0.002,0,1,1,1
0.0151,54,10,5,5,2,323,0.023,0,1,1,1
0.0016,45,27,5,0,0,468,0.002,0,1,1,0
0.0012,15,27,8,2,1,378,0.001,0,1,1,0
0.2045,0,20,5,0,2,895,0.622,0,0,1,1
0.1329,51,23,9,0,2,439,0.278,0,1,1,0
0.2807,12,23,6,2,4,200,0.32,0,1,1,0
0.3224,4,4,7,0,2,853,0.368,0,1,1,1
0.0365,14,15,10,4,1,250,0.055,0,1,1,1
0.0333,91,0,2,2,3,785,0.05,0,1,1,0
0.2224,85,4,8,5,3,93,0.977,0,1,1,1
1.7119,8,20,5,3,3,670,1.998,0,1,1,1
0.0061,14,9,1,0,0,349,0.008,0,1,1,0
0.0194,40,30,6,4,0,319,0.023,0,1,1,0
0.0131,46,25,10,1,4,680,0.033,0,1,1,1
0.0409,18,26,4,1,3,697,0.272,0,1,1,0
0.6376,89,1,9,2,2,515,0.64,0,1,1,0
0.0472,27,15,4,5,3,61,0.057,0,1,1,1
0.3667,28,22,0,1,3,745,0.555,0,1,1,0
2.9425,70,12,5,3,3,357,5.55,0,1,1,1
0.2737,24,22,8,3,0,135,0.316,0,1,1,1
1.8664,38,14,10,1,4,141,2.079,0,1,1,1
0.6535,25,23,10,0,2,744,0.831,0,1,1,0
0.0208,54,21,2,0,0,365,0.364,0,1,1,0
0.1885,75,13,2,5,3,251,0.384,0,0,1,0
2.1925,83,23,6,5,0,797,5.692,0,1,1,1
0.0361,1,3,1,0,0,501,0.158,0,1,1,0
2.8558,61,8,1,4,1,394,6.542,0,1,1,1
0.0022,8,22,8,1,3,833,0.003,0,1,1,0
0.0717,8,16,9,4,0,772,0.08,0,1,1,1
0.125,23,0,8,3,2,126,0.191,0,0,1,1
0.0079,96,1,1,0,4,306,0.019,0,1,1,0
0.001,38,1,8,2,4,456,0.003,0,1,1,0
3.0817,77,17,8,1,0,679,16.042,0,1,1,1
0.8207,17,19,8,1,4,368,1.932,0,1,1,1
0.0082,83,28,2,3,3,86,0.009,0,1,1,0
0.0052,80,23,4,5,1,732,0.006,0,1,1,0
0.0294,19,10,6,3,0,988,0.228,0,1,0,1
0.083,8,10,10,0,2,932,0.095,0,1,1,1
0.0011,48,7,6,0,0,180,0.002,0,1,1,0
0.0022,44,22,9,2,4,278,0.013,0,1,1,0
0.0231,44,25,10,4,4,609,0.039,0,1,1,1
0.2531,91,4,10,1,1,388,0.275,0,1,1,0
0.0197,99,7,10,4,3,724,0.055,0,1,1,1
0.0101,54,16,3,2,0,971,0.012,0,1,1,0
0.0019,30,30,1,1,4,59,0.002,0,1,1,0
0.0011,54,21,8,5,1,492,0.002,0,1,1,0
0.0027,1,19,3,5,0,732,0.008,0,1,1,0
0.2061,67,21,9,0,4,460,0.234,0,1,1,0
0.0061,9,11,2,4,2,976,0.035,0,1,1,0
0.0152,86,7,8,0,2,307,2.111,0,1,1,0
0.0239,39,29,10,4,0,958,0.049,0,1,1,1
0.1427,42,9,5,0,0,359,0.399,0,1,1,0
0.0527,10,16,8,1,3,127,0.068,0,1,0,1
0.0444,47,9,5,3,1,550,0.101,0,1,1,0
0.0037,45,23,6,0,2,905,0.019,0,1,1,1
0.024,95,10,0,1,1,972,0.089,0,1,1,0
0.0842,87,22,2,2,3,514,0.102,0,1,1,0
2.2484,2,4,2,2,4,14,3.307,1,1,1,1
2.6154,94,0,6,3,2,289,10.399,0,1,1,1
0.0616,31,8,1,2,1,683,0.087,0,1,1,0
0.2845,64,19,2,1,4,645,2.083,0,1,1,1
2.9268,18,13,0,4,1,94,5.551,0,1,1,1
2.6942,28,10,6,3,0,523,23.53,0,1,0,1
1.9975,91,13,3,2,0,187,2.678,0,0,0,1
0.0449,77,3,6,1,2,972,0.387,0,1,1,0
0.2457,98,27,2,2,2,760,0.416,0,1,1,0
0.0068,35,6,9,3,0,909,0.011,0,1,1,1
2.4499,83,26,3,1,3,948,3.946,0,1,1,1
0.0457,97,6,8,5,1,45,0.064,0,1,1,0
0.4547,71,11,5,3,0,933,0.864,0,1,1,0
0.5863,21,19,4,5,1,297,0.737,0,0,1,1
0.3913,50,15,10,4,4,995,0.765,0,1,1,1
0.0232,77,8,3,1,0,164,1.681,0,1,1,0
0.0623,64,22,8,2,2,873,0.112,0,1,1,1
0.0014,30,9,0,5,1,965,0.005,0,1,1,0
0.1772,31,26,3,4,0,2,0.182,1,1,1,1
2.0535,70,8,2,3,4,302,2.514,0,1,0,1
0.0059,35,5,4,0,4,674,0.008,0,1,1,1
0.4076,48,30,10,2,4,565,1.244,0,1,1,1
0.1601,96,12,2,3,1,748,0.177,0,1,1,0
0.0043,23,26,2,1,4,503,0.015,0,1,1,1
1.2543,50,21,9,1,0,147,1.379,0,1,1,0
0.0022,67,4,0,4,0,387,0.119,0,1,1,0
1.868,16,7,1,2,1,962,1.933,0,1,0,0
0.0024,94,26,5,5,0,208,0.003,0,1,1,0
0.0119,61,4,3,0,4,709,0.456,0,1,1,1
0.0806,13,16,6,1,0,935,0.207,0,1,1,0
0.0101,87,12,10,5,0,504,0.095,0,1,1,0
0.0178,78,10,1,2,0,918,0.041,0,0,1,0
0.0043,54,4,10,5,2,640,0.04,0,1,1,0
0.207,33,25,1,0,1,797,0.526,0,1,1,0
0.5616,61,26,1,0,4,438,5.912,0,1,1,0
0.0043,49,11,5,3,3,493,0.005,0,1,1,1
0.6419,83,29,3,3,3,563,1.2,0,1,1,0
0.0222,74,22,6,4,4,796,0.032,0,1,1,1
0.001,2,11,8,3,1,944,0.003,0,1,1,0
0.5312,17,9,7,1,4,996,2.474,0,1,1,1
0.4116,15,30,2,3,0,713,0.586,0,1,1,0
0.0018,76,27,2,0,1,375,0.103,0,1,1,0
0.0287,97,5,7,5,1,767,0.061,0,1,1,0
0.0358,82,22,0,2,0,160,0.059,0,1,1,0
0.0036,50,26,6,5,3,568,0.006,0,1,1,1
0.0062,20,8,1,4,3,974,0.01,0,1,1,1
0.0044,95,17,9,0,3,489,0.005,0,1,1,1
0.6482,82,13,3,2,0,107,0.765,0,1,1,1
0.0097,69,3,1,1,4,12,0.018,1,1,1,0
0.0013,34,2,9,4,0,578,0.025,0,1,1,1
0.012,45,24,4,3,4,200,0.033,0,1,1,1
0.2298,42,13,8,0,4,827,0.288,0,1,0,1
1.0986,4,9,2,1,3,81,1.526,0,1,1,0
0.6701,83,4,2,4,4,747,0.87,0,1,1,1
0.0029,37,11,9,3,0,913,0.012,0,1,1,0
0.1331,19,18,10,3,0,825,0.425,0,0,1,0
0.6178,11,15,1,3,2,174,2.178,0,1,1,1
0.0021,22,22,7,2,3,263,0.002,0,1,1,0
2.517,62,1,5,2,3,419,18.882,0,1,1,1
0.9056,40,11,1,5,3,519,0.914,0,1,1,1
2.6364,7,23,3,5,4,9,6.958,1,1,1,1
0.9736,28,12,7,5,0,358,1.081,0,1,1,1
0.002,93,3,6,3,1,412,0.002,0,1,1,0
0.2871,60,3,4,3,0,559,0.447,0,1,1,0
0.0013,76,24,6,0,2,809,0.022,0,1,1,0
2.159,87,13,4,2,1,86,25.017,0,1,1,1
0.038,53,16,3,5,2,189,0.042,0,1,1,0
0.4326,21,6,5,3,3,487,0.448,0,1,1,1
1.5635,73,12,0,4,4,204,2.528,0,1,1,1
2.8333,93,23,5,0,1,919,3.275,0,1,1,1
2.4827,52,8,8,5,0,462,3.903,0,1,1,1
0.1058,4,6,3,3,4,793,0.301,0,1,1,0
2.5183,73,30,0,2,2,17,3.071,1,1,1,1
0.0558,58,13,6,2,2,849,0.073,0,1,1,1
0.0041,54,11,2,4,4,167,0.005,0,1,1,0
0.034,36,22,9,0,0,826,1.596,0,1,1,0
0.0023,95,24,9,4,0,649,0.061,0,1,1,0
0.0297,28,24,7,4,3,118,0.231,0,1,1,0
1.5816,52,29,10,5,3,8,3.101,1,1,1,1
0.202,39,26,6,5,1,5,9.854,1,1,1,1
0.0204,66,26,9,2,2,175,0.083,0,1,1,0
0.0047,82,12,0,4,3,132,0.006,0,1,1,0
0.013,20,13,3,0,1,517,0.033,0,1,1,0
1.6156,70,5,5,1,0,96,2.095,0,0,0,1
0.1457,69,29,1,4,3,26,0.319,1,1,1,0
0.0179,30,20,3,2,1,549,0.022,0,1,1,0
0.0082,6,8,1,1,0,654,0.071,0,1,1,0
0.0027,18,9,4,1,0,80,0.003,0,1,1,0
0.0523,2,13,1,3,0,216,0.165,0,1,1,0
0.676,23,9,0,1,4,647,0.693,0,1,0,0
0.0494,78,19,8,0,1,535,0.251,0,1,1,1
0.0012,65,24,2,1,2,118,0.008,0,1,0,1
0.2634,16,8,4,3,1,977,0.403,0,1,1,0
0.6785,55,16,6,1,2,178,0.944,0,1,1,0
0.0023,98,18,4,1,1,977,0.005,0,1,1,0
0.0089,40,19,1,4,3,440,0.01,0,1,1,0
0.0374,4,30,8,2,4,420,0.058,0,1,1,0
0.0171,3,3,2,2,3,810,0.078,0,1,1,1
0.0032,40,3,0,2,0,735,0.004,0,1,1,0
0.0924,49,9,9,1,4,223,0.152,0,1,1,0
1.0226,9,18,10,3,3,326,18.798,0,1,1,1
0.0015,35,13,1,0,3,176,0.006,0,1,1,1
0.0012,100,27,9,0,3,292,0.029,0,1,1,0
0.0702,43,20,0,0,3,98,0.231,0,1,1,0
0.0162,10,17,5,3,4,49,0.035,0,1,1,0
2.4268,15,26,5,4,0,30,16.971,0,1,1,0
1.0348,92,13,3,1,0,196,1.266,0,1,1,0
0.001,88,27,0,2,0,114,0.004,0,0,1,0
0.5898,48,8,2,1,4,472,3.873,0,1,1,1
0.9452,52,20,7,5,0,535,1.426,0,1,1,0
0.0134,93,15,3,0,2,785,0.024,0,1,1,0
0.2033,94,27,3,5,0,77,11.232,0,1,0,1
0.7325,24,15,1,2,1,834,0.853,0,1,1,0
0.0123,58,20,2,4,0,937,0.032,0,1,1,0
0.1485,25,24,6,1,0,285,0.156,0,1,1,0
0.0023,59,28,1,5,0,247,0.009,0,0,1,0
0.0721,45,8,1,4,0,363,0.143,0,1,1,0
0.0015,34,11,1,0,3,750,0.008,0,1,1,1
0.0092,77,15,8,3,0,698,0.08,0,0,1,1
1.3574,73,8,3,0,4,104,1.936,0,1,1,1
0.0237,28,23,4,3,1,176,0.081,0,1,1,0
0.3703,12,5,8,5,4,489,0.537,0,1,1,1
0.2427,21,5,5,3,1,986,0.719,0,0,1,1
0.0084,9,5,10,0,4,361,0.017,0,1,1,1
0.0024,2,18,10,2,1,538,0.003,0,1,1,1
0.6511,42,14,7,5,2,559,1.772,0,1,1,1
0.0171,90,10,8,5,4,496,0.023,0,1,1,1
2.6621,28,21,2,2,3,32,2.735,0,1,1,1
0.403,24,29,6,5,0,989,0.736,0,1,1,0
2.8554,67,5,4,5,2,910,3.02,0,1,1,1
0.0046,74,16,5,4,0,444,0.006,0,1,1,0
0.0024,1,15,10,1,3,698,0.004,0,1,1,1
0.0116,36,2,4,0,3,42,0.091,0,1,1,0
0.001,45,21,0,0,2,142,0.001,0,1,1,0
0.491,19,30,1,5,2,147,0.836,0,1,1,1
0.0058,60,29,5,1,3,433,0.006,0,1,1,0
0.1229,22,18,6,5,2,824,0.604,0,1,1,1
0.0871,38,9,1,2,4,950,0.23,0,1,1,0
0.0338,17,16,7,5,2,516,0.072,0,1,1,1
0.0296,52,14,0,4,0,981,0.204,0,1,1,0
0.5665,74,16,5,1,4,557,9.717,0,1,1,1
0.0028,85,0,7,4,3,860,0.003,0,1,0,1
0.0147,12,26,4,4,3,708,0.02,0,1,0,1
0.3871,6,22,3,4,1,576,1.702,0,1,1,0
0.9614,38,20,4,5,0,825,8.072,0,1,1,1
0.1298,15,16,1,1,1,107,0.291,0,1,1,1
0.0027,51,15,2,1,4,267,0.003,0,1,1,0
0.0326,81,0,2,1,1,175,0.16,0,1,1,0
0.0103,12,30,9,3,2,684,0.013,0,1,1,1
0.7034,18,0,4,3,0,578,18.082,0,1,1,1
0.1996,56,1,5,1,3,904,0.203,0,1,1,1
0.9896,64,6,5,5,4,400,6.36,0,1,1,1
0.0935,58,22,2,2,2,946,0.145,0,1,1,0
0.0448,84,5,9,5,4,795,0.064,0,1,1,1
0.1078,74,19,6,0,0,31,1.066,0,1,1,0
1.8613,60,10,3,5,1,108,2.084,0,1,1,1
0.0295,8,1,9,2,0,39,0.039,0,1,0,1
0.8757,22,10,1,5,3,387,1.567,0,1,1,1
0.0523,86,9,3,1,1,445,0.266,0,1,1,0
0.1592,85,3,3,0,1,915,0.279,0,0,1,0
0.0156,87,23,10,4,3,195,0.033,0,1,1,1
0.1461,71,27,2,0,3,438,0.256,0,1,1,0
0.0646,12,3,7,1,0,616,0.079,0,1,0,1
0.7916,49,22,5,0,1,992,3.228,0,1,1,1
0.1378,39,12,9,0,4,715,0.147,0,1,1,0
0.1933,4,10,6,2,1,343,0.928,0,1,0,0
0.0142,96,21,0,1,3,75,0.023,0,1,1,0
0.6702,44,2,6,4,4,952,0.708,0,1,1,1
0.0014,4,15,8,1,2,442,0.002,0,1,1,1
1.817,3,24,3,4,4,881,79.0,0,1,1,1
0.0226,48,22,2,3,3,563,0.025,0,1,1,0
0.0194,24,10,6,0,1,238,0.047,0,1,0,0
0.6715,68,18,0,0,1,833,1.521,0,1,0,0
0.0126,77,20,3,2,1,621,0.019,0,1,1,0
1.9244,26,15,5,1,3,731,3.476,0,1,1,1
0.0072,34,10,8,4,0,56,0.008,0,1,1,1
0.0019,17,26,8,1,2,760,0.003,0,1,1,0
0.0013,30,22,7,5,3,976,0.034,0,1,1,1
0.0221,10,1,4,4,3,508,0.049,0,0,1,1
0.0213,84,13,8,0,2,33,0.689,0,1,1,0
1.3369,33,25,9,1,0,350,1.543,0,1,1,0
1.7782,96,1,1,4,3,976,2.07,0,1,1,0
0.0419,73,23,9,4,2,167,0.042,0,1,1,1
1.5031,35,25,10,2,0,256,2.622,0,1,1,1
0.0091,34,21,4,5,4,13,0.028,1,1,1,1
0.0042,59,0,7,0,3,38,0.005,0,1,1,1
0.0016,10,8,9,4,2,977,0.002,0,1,1,1
1.1008,16,7,10,1,1,893,9.258,0,1,0,1
0.2486,56,18,5,0,4,735,0.251,0,1,1,0
0.0011,45,17,0,4,1,359,0.009,0,1,1,1
0.0052,73,11,10,3,0,658,0.176,0,1,1,0
0.0182,52,28,10,2,3,966,0.111,0,1,1,1
1.8033,75,0,1,4,1,828,2.426,0,1,1,0
0.3126,27,12,9,0,1,391,0.327,0,1,1,0
2.9725,72,16,9,5,4,752,3.504,0,1,1,1
0.0015,60,21,8,4,3,325,0.005,0,1,1,1
0.0071,98,11,3,3,2,767,0.016,0,1,1,0
0.0272,10,11,8,4,0,937,0.116,0,1,1,0
0.0064,16,29,8,1,3,691,0.024,0,1,1,1
0.0125,10,13,6,4,1,590,0.062,0,1,1,1
0.0388,21,3,6,2,4,729,0.297,0,1,1,1
0.0324,88,5,1,1,4,888,0.076,0,1,1,1
0.2749,30,22,4,0,2,919,0.45,0,1,1,1
0.337,9,23,5,3,3,646,1.151,0,1,1,1
0.003,23,23,9,4,0,156,0.008,0,1,1,0
0.0213,56,5,8,5,4,287,0.071,0,1,1,1
0.0943,67,18,8,3,2,331,0.099,0,1,1,1
2.0309,93,6,6,4,2,589,5.793,0,1,1,1
0.0102,62,14,3,1,2,962,0.014,0,1,1,0
0.215,18,3,3,4,4,773,4.831,0,1,1,1
0.0763,24,0,7,0,2,209,0.178,0,1,1,1
0.0028,58,9,1,5,0,456,0.031,0,1,1,0
0.0094,85,3,5,0,1,745,0.028,0,1,1,0
0.3753,86,24,1,5,2,914,0.402,0,1,1,0
0.0129,71,21,10,0,0,252,0.014,0,1,1,0
0.0085,19,15,2,5,3,290,0.091,0,1,1,1
0.34,27,0,6,0,3,572,7.798,0,1,1,1
0.1402,80,18,3,5,2,496,0.16,0,1,1,0
1.1551,85,15,7,5,3,613,11.425,0,1,1,1
1.211,96,24,4,3,3,334,6.717,0,1,1,0
0.2052,44,22,6,5,1,793,0.237,0,1,1,0
0.2543,3,9,4,4,1,912,0.451,0,1,1,1
0.2304,52,12,7,3,3,267,0.316,0,1,1,1
0.7325,39,14,6,1,4,897,1.168,0,1,1,0
0.1401,42,4,9,4,0,974,1.478,0,1,1,0
1.5588,98,24,8,0,0,532,1.582,0,1,1,0
0.0242,91,7,4,1,2,340,0.096,0,1,1,1
0.9103,96,30,8,0,4,408,3.175,0,1,0,1
0.1623,88,7,0,2,0,833,1.198,0,1,1,0
0.0088,10,2,1,4,3,21,0.015,1,0,1,1
0.3763,50,6,9,2,2,436,1.355,0,1,0,1
0.0084,83,18,7,3,2,440,0.015,0,1,1,0
1.5026,68,16,3,3,0,509,1.967,0,1,1,0
0.0383,73,0,6,1,3,379,0.122,0,1,1,1
0.1602,10,3,8,1,1,886,1.81,0,1,1,1
0.8575,66,23,9,1,0,786,1.156,0,1,1,0
0.0013,88,18,9,3,0,275,0.002,0,1,1,0
0.0125,83,7,5,3,3,527,0.017,0,1,1,0
0.0309,9,12,2,0,1,533,0.07,0,1,1,0
0.0014,54,15,2,5,4,499,0.003,0,1,1,1
0.0026,37,23,10,2,4,331,0.004,0,1,1,1
0.0678,26,25,9,5,2,532,0.316,0,1,1,1
0.4108,17,5,8,5,3,11,0.868,1,1,1,0
0.001,89,6,3,5,0,551,0.002,0,1,1,0
0.0017,81,17,3,2,0,951,0.002,0,1,1,0
0.357,47,19,6,2,4,555,0.6,0,1,1,1
0.0057,22,8,9,0,1,817,0.015,0,1,1,0
0.9703,77,8,9,5,3,215,0.981,0,1,1,1
0.6482,18,4,2,3,0,332,4.587,0,1,1,1
0.0308,60,10,4,4,0,247,0.079,0,1,1,0
0.0123,66,10,8,0,4,863,0.019,0,1,1,1
0.0032,55,17,7,3,2,702,0.005,0,1,1,1
1.0752,59,24,10,2,3,219,1.167,0,1,1,1
0.0204,95,0,3,3,2,539,0.061,0,1,1,0
1.6044,64,29,0,4,2,35,3.998,0,1,1,0
0.2917,35,20,0,4,0,884,0.479,0,1,1,0
0.0041,95,27,10,4,0,40,0.006,0,1,1,0
0.0042,16,2,6,0,0,455,0.041,0,1,0,0
2.7664,24,20,9,5,0,341,8.648,0,1,1,1
1.4792,75,23,5,4,0,964,2.21,0,1,1,1
0.0047,97,16,2,5,2,86,0.008,0,1,0,0
0.0271,81,23,0,2,2,575,0.048,0,1,1,0
0.0959,59,2,1,0,1,748,0.153,0,1,1,1
0.0039,1,6,10,2,3,84,0.013,0,1,1,1
1.9921,24,23,2,2,0,389,13.767,0,1,1,1
0.0062,24,8,3,1,2,266,0.013,0,1,1,0
0.0166,82,16,7,5,1,38,0.104,0,1,1,0
3.0071,55,11,10,5,2,213,5.429,0,1,1,1
0.0087,65,24,3,2,1,479,0.017,0,1,1,0
0.0461,59,18,5,2,4,387,0.141,0,1,1,1
0.018,1,5,6,3,2,345,0.02,0,1,1,1
0.043,23,24,0,3,4,468,0.059,0,1,1,0
0.0071,92,11,9,2,3,695,0.008,0,1,0,1
1.8691,64,3,6,3,2,977,11.112,0,1,1,1
0.0113,76,30,8,1,4,770,0.014,0,1,1,1
0.0021,98,4,5,3,3,170,0.01,0,1,1,1
0.0119,23,7,3,3,0,742,0.014,0,1,1,0
0.0468,44,3,7,4,3,716,0.123,0,1,1,1
0.0071,12,12,2,2,1,410,0.009,0,1,1,0
0.0306,50,17,1,2,3,686,0.136,0,1,1,0
0.4869,47,11,5,4,0,626,5.945,0,1,1,1
0.0562,5,6,4,3,0,348,0.363,0,1,1,1
0.2309,61,1,4,3,1,168,2.082,0,1,1,0
0.0163,93,3,10,3,0,165,0.042,0,1,1,0
0.0503,85,12,6,0,2,436,0.083,0,1,1,0
0.0377,47,24,7,5,2,865,0.048,0,1,1,0
0.0726,49,27,10,0,1,8,0.123,1,1,1,1
0.6997,93,27,7,3,0,476,1.422,0,1,1,0
1.2944,87,11,4,3,2,692,2.375,0,1,1,1
0.0177,2,14,5,2,0,611,0.033,0,1,1,0
0.0041,68,3,2,5,1,649,0.012,0,1,1,0
0.1447,93,26,8,4,3,42,0.958,0,1,1,0
0.1707,12,12,8,5,0,346,0.401,0,1,1,1
2.1196,32,23,10,5,0,857,2.667,0,1,1,1
3.0354,78,16,8,1,0,384,3.244,0,1,1,1
0.2576,23,8,8,5,0,620,0.893,0,1,1,1
0.0053,100,13,10,1,2,274,0.008,0,1,1,1
0.0061,90,10,3,0,4,295,0.013,0,1,1,0
0.1211,69,12,7,4,0,352,0.271,0,1,1,0
0.3972,26,17,2,5,3,262,0.693,0,1,1,1
0.0505,44,2,3,5,4,379,0.111,0,1,1,1
0.0035,74,5,9,2,4,442,0.005,0,1,1,1
0.402,30,12,8,1,3,622,1.008,0,1,1,1
0.0024,37,5,2,5,3,564,0.006,0,1,1,1
0.0131,46,20,1,5,2,515,0.015,0,1,1,0
0.042,57,5,2,3,2,4,0.09,1,1,1,1
1.4979,49,18,10,3,3,421,6.567,0,1,0,1
0.0578,10,19,9,5,3,969,0.339,0,0,1,1
0.2485,47,0,9,5,3,566,0.272,0,1,1,1
0.3394,30,5,7,5,1,331,9.507,0,1,0,1
0.0405,87,19,7,1,1,997,0.05,0,1,1,0
1.128,20,7,7,5,0,8,2.756,1,1,1,1
0.0442,49,2,6,2,4,124,0.045,0,1,1,0
0.0343,92,1,4,3,0,373,0.054,0,1,1,0
0.5701,13,4,4,4,0,740,1.662,0,1,1,0
0.6087,26,8,1,2,0,470,2.449,0,1,1,1
0.0108,56,10,7,5,2,582,0.075,0,1,0,1
0.0012,47,18,5,5,2,315,0.002,0,1,1,0
0.0346,37,4,2,1,4,300,0.149,0,1,1,0
0.11,18,18,0,2,2,739,0.212,0,1,1,0
1.4126,44,20,2,4,4,322,1.525,0,1,1,1
1.1162,61,5,7,3,0,685,3.568,0,1,1,1
0.0094,99,23,1,5,1,366,0.015,0,1,1,1
0.4092,100,25,8,1,1,373,3.961,0,1,1,1
0.0017,70,30,8,5,4,894,0.004,0,1,1,1
0.0072,94,5,10,1,1,707,0.007,0,1,1,1
0.0094,95,6,1,1,4,311,0.016,0,1,1,0
0.0422,68,28,0,2,0,202,0.088,0,1,1,0
0.1156,76,15,4,4,0,596,0.16,0,1,1,0
0.1775,75,25,10,4,3,1,0.647,1,1,1,1
0.0141,61,16,4,5,2,271,0.051,0,1,1,0
0.012,56,3,2,3,0,327,0.024,0,1,1,0
0.4587,86,9,1,3,2,654,2.321,0,1,1,1
0.0065,39,16,4,2,4,484,0.011,0,1,1,1
0.0035,20,6,6,1,1,625,0.007,0,1,1,0
0.1211,53,24,4,1,2,484,0.324,0,1,1,0
0.3495,95,10,7,2,3,577,0.458,0,1,1,0
2.4569,45,20,2,3,2,20,3.702,1,1,1,1
0.8202,3,10,6,3,2,572,3.747,0,1,1,1
0.9941,13,2,3,1,2,741,2.104,0,1,1,0
0.0014,84,12,7,1,2,622,0.023,0,1,0,1
0.0763,56,29,4,0,3,138,0.078,0,1,0,0
0.7675,19,18,4,4,1,576,1.335,0,1,1,0
0.0082,67,26,4,5,0,144,0.01,0,1,0,0
0.0126,46,28,7,5,1,189,0.034,0,1,1,1
2.5121,33,8,9,5,0,144,6.291,0,1,1,1
0.0015,67,1,8,2,0,580,0.003,0,1,0,0
0.5827,62,9,9,2,0,753,1.04,0,1,1,1
0.0036,65,27,1,4,3,625,0.046,0,1,1,0
0.728,59,14,2,5,2,75,1.594,0,1,1,0
0.3874,55,28,0,3,4,301,16.277,0,0,1,1
0.0313,33,27,3,4,2,546,0.041,0,1,1,0
0.0174,91,27,9,1,1,792,0.165,0,1,1,0
2.0218,5,24,2,4,2,978,2.177,0,1,1,1
0.0051,20,13,4,1,1,791,0.006,0,1,1,0
0.8309,48,0,7,5,1,390,4.101,0,0,1,1
0.1163,15,2,2,4,4,742,0.544,0,1,1,0
0.3911,45,23,5,3,1,216,1.077,0,1,1,0
0.0025,58,0,0,3,3,410,0.007,0,1,1,0
0.0017,83,9,3,5,0,667,0.004,0,1,1,0
0.0092,82,28,5,0,1,868,0.07,0,1,1,0
0.2709,97,1,0,4,1,888,0.437,0,1,1,0
0.0293,22,29,8,1,1,374,0.176,0,1,1,0
0.0118,80,11,4,4,2,30,0.013,0,1,1,1
1.1275,52,1,8,3,4,740,56.658,0,1,1,1
0.0021,8,3,7,3,3,877,0.002,0,1,1,0
0.001,60,15,4,1,2,673,0.001,0,1,1,1
0.0531,73,6,2,1,4,133,0.08,0,1,1,0
0.3239,36,28,9,0,1,232,1.063,0,1,1,0
0.0414,75,16,8,4,2,779,0.11,0,1,1,1
0.378,4,23,6,5,0,814,2.568,0,1,1,1
0.6049,20,12,5,0,4,493,0.959,0,1,1,0
0.1048,57,6,7,4,2,559,0.159,0,1,1,1
0.0152,23,8,5,3,4,468,0.044,0,1,1,1
0.0017,46,13,10,0,4,130,0.002,0,1,1,1
0.3122,16,27,5,2,3,447,0.323,0,1,1,0
0.0044,65,6,2,5,1,795,0.012,0,0,1,1
0.0034,67,16,0,4,2,553,0.006,0,1,1,0
0.0022,21,20,10,4,1,864,0.004,0,1,1,0
0.0305,25,8,0,3,2,400,0.034,0,1,1,0
0.003,38,0,1,2,4,685,0.005,0,1,1,0
0.0016,52,4,2,3,1,783,0.002,0,1,1,0
0.0036,53,12,9,1,1,855,0.004,0,1,1,1
0.0254,92,23,9,5,1,211,0.033,0,1,1,1
0.0026,39,16,1,5,4,483,0.003,0,1,1,1
0.1365,19,2,5,2,0,391,0.217,0,1,1,0
0.0039,90,22,7,2,1,536,0.006,0,1,1,0
0.0186,85,15,6,3,0,654,0.022,0,1,1,0
1.4674,81,16,5,3,2,366,1.818,0,1,1,1
0.054,75,13,10,2,0,800,0.089,0,1,1,0
0.1328,85,12,0,4,0,605,1.288,0,1,1,0
2.4185,30,11,9,5,4,432,54.105,0,1,1,1
0.0347,58,18,8,0,3,833,0.08,0,1,1,0
0.0057,23,0,10,2,0,300,0.008,0,1,1,0
0.0077,87,11,5,1,2,457,0.011,0,1,1,0
0.4899,20,6,8,4,2,759,0.6,0,1,1,0
0.996,42,11,9,4,1,325,1.377,0,1,1,1
0.0125,63,20,2,3,1,272,0.037,0,1,1,0
0.0184,20,30,2,2,0,115,0.036,0,1,1,0
0.0109,71,17,2,3,4,713,0.015,0,1,1,0
0.2095,33,4,5,4,2,407,0.248,0,1,1,0
1.1685,37,19,9,0,2,231,2.124,0,1,0,1
0.0091,63,7,3,1,1,451,0.523,0,1,1,0
0.0012,78,15,7,3,4,565,0.006,0,1,1,0
0.025,73,28,6,5,2,724,0.031,0,1,1,0
0.0189,30,10,8,2,0,982,0.023,0,1,1,0
0.6088,74,4,1,4,3,549,1.004,0,1,1,0
0.3247,82,17,3,3,2,589,0.737,0,1,1,0
0.0017,21,0,8,3,4,666,0.002,0,1,1,1
0.2438,8,30,4,4,2,971,0.407,0,1,0,1
0.4735,17,12,3,5,3,318,1.418,0,1,1,1
1.1638,52,4,8,5,4,323,20.17,0,1,1,1
0.1138,99,2,9,0,4,424,0.451,0,1,1,0
0.4528,22,26,2,0,3,747,0.478,0,1,1,0
2.097,49,25,6,3,3,142,6.666,0,1,1,1
0.0321,32,15,1,1,2,412,0.049,0,1,1,1
0.0381,12,16,4,0,4,63,0.101,0,1,0,1
2.3583,67,0,0,2,3,314,4.17,0,0,1,1
2.213,24,20,9,3,1,549,2.536,0,1,1,1
0.1256,73,5,7,5,1,520,3.568,0,1,1,1
0.0761,15,25,4,2,0,358,0.444,0,1,1,1
0.0047,19,19,5,3,4,852,0.039,0,1,1,1
0.0153,46,4,3,3,1,814,0.017,0,1,1,0
0.6889,84,22,9,0,4,94,1.301,0,1,1,1
0.0727,50,24,8,5,1,290,0.36,0,1,1,0
0.0311,55,12,1,3,0,504,0.051,0,1,1,0
2.9717,98,9,10,5,0,541,31.715,0,1,1,1
0.4145,73,17,2,5,2,757,0.429,0,0,0,1
0.017,68,1,10,3,4,537,0.025,0,1,1,1
0.0056,58,30,2,1,2,75,0.01,0,1,1,0
0.0014,48,6,1,2,0,927,0.002,0,1,1,0
2.8497,29,11,6,0,1,146,10.881,0,1,1,1
0.2406,90,27,10,2,1,963,0.871,0,1,1,0
0.0285,52,12,4,1,3,260,0.072,0,1,1,0
0.0373,84,22,3,0,0,119,0.524,0,1,1,0
0.0039,94,8,10,5,3,292,0.007,0,1,1,1
0.0026,25,30,1,4,3,206,0.006,0,1,1,1
0.0063,49,5,1,5,0,248,0.009,0,1,1,0
0.492,84,29,8,1,1,743,0.519,0,1,1,0
2.1206,22,11,7,1,0,401,4.174,0,1,1,1
0.1568,42,21,7,0,3,72,0.538,0,1,1,1
0.0822,40,1,1,5,0,420,0.114,0,1,0,0
0.0134,4,4,1,5,1,7,0.016,1,1,1,0
0.0026,28,24,10,0,4,559,0.003,0,1,1,0
0.1806,36,21,9,3,3,933,0.294,0,1,1,1
2.8703,58,15,2,3,4,901,4.493,0,1,1,1
2.4311,32,28,2,2,0,443,5.255,0,1,1,1
0.0786,29,12,2,5,2,214,0.187,0,1,1,0
0.0358,49,14,5,2,2,682,0.171,0,1,1,1
0.0047,24,30,10,4,2,922,0.006,0,1,1,1
0.0119,50,4,7,0,4,668,0.012,0,1,1,0
0.0277,25,6,5,4,1,676,0.15,0,1,1,1
0.2685,49,18,10,1,2,764,0.418,0,1,1,0
0.6352,19,13,5,3,1,889,1.298,0,1,1,1
0.4698,67,23,10,0,0,806,0.51,0,1,0,0
0.0145,11,10,5,1,1,981,0.04,0,1,1,0
0.1102,57,15,5,5,1,297,0.672,0,1,1,0
0.0037,15,17,9,3,1,576,0.004,0,1,1,0
1.4547,14,21,2,3,0,774,3.06,0,0,1,1
0.4842,75,22,5,3,4,586,0.499,0,1,1,0
0.0963,43,2,5,0,1,139,0.105,0,1,1,1
1.8733,85,6,10,2,2,729,5.234,0,1,1,0
0.0539,79,28,9,3,1,374,0.19,0,1,1,0
1.606,62,10,2,0,1,718,3.685,0,1,1,1
0.4217,97,21,7,5,0,341,0.431,0,1,1,0
0.3726,2,9,6,1,3,390,1.36,0,1,1,1
0.0192,65,27,6,3,2,136,0.035,0,1,1,0
0.0086,57,29,10,0,2,883,0.011,0,1,1,0
0.0024,9,5,5,0,1,586,0.003,0,1,1,1
0.0011,43,27,9,0,1,597,0.002,0,1,1,0
0.5642,13,19,1,0,1,205,2.976,0,1,1,0
0.0021,55,25,10,1,1,52,0.003,0,1,1,1
0.7268,90,15,9,5,1,481,0.84,0,1,1,1
0.0044,0,2,2,1,2,148,0.023,0,1,1,1
0.4633,24,5,5,1,1,405,0.768,0,1,1,0
0.01,54,8,5,5,1,544,0.015,0,0,1,1
0.0037,7,2,7,2,0,635,0.005,0,1,1,0
0.0364,95,21,1,2,4,790,0.053,0,1,1,0
0.0017,33,23,5,3,2,761,0.006,0,1,1,0
0.0814,95,6,3,4,1,44,0.092,0,1,1,0
0.6122,51,14,7,3,1,146,0.644,0,1,1,0
0.574,48,27,10,1,3,375,0.865,0,0,1,1
0.1189,23,6,1,0,3,484,4.47,0,1,1,1
0.0115,70,8,3,1,3,622,0.012,0,1,1,0
2.4652,7,11,1,0,2,723,10.315,0,1,1,1
0.6496,53,15,0,2,1,347,1.504,0,1,1,1
0.0028,36,10,5,5,1,379,0.124,0,1,1,1
0.0073,41,22,3,2,3,806,0.009,0,1,1,0
1.4338,41,25,10,4,1,726,1.747,0,1,1,1
0.0441,2,10,8,0,3,769,0.083,0,1,1,1
1.4174,93,8,1,3,3,797,1.987,0,1,1,1
0.5274,60,7,3,5,0,336,0.935,0,1,1,0
2.2302,62,10,9,4,1,844,2.413,0,1,1,1
0.0108,7,23,3,4,4,290,0.015,0,1,1,0
0.0111,26,4,4,0,0,668,0.03,0,1,1,0
2.9883,57,20,6,4,1,609,3.189,0,1,1,1
0.0049,77,14,4,1,4,132,0.086,0,1,0,1
0.0468,18,10,6,4,0,644,0.257,0,1,1,0
0.4591,82,9,5,4,4,41,0.639,0,1,0,1
0.0017,8,4,2,0,4,168,0.002,0,1,1,0
0.0153,52,10,1,3,3,559,0.019,0,1,1,0
0.0829,11,26,3,3,1,119,0.358,0,1,1,1
0.2468,3,1,10,5,1,491,1.044,0,0,1,1
1.1135,64,10,5,3,3,20,39.208,1,1,1,1
0.0283,8,1,3,4,0,214,0.08,0,1,1,1
1.2183,65,28,2,3,1,156,1.634,0,1,1,0
0.0885,65,12,2,1,4,263,0.335,0,1,1,1
0.01,3,14,9,5,4,789,0.215,0,1,1,1
0.398,26,6,9,5,2,853,0.669,0,1,1,1
0.042,82,20,3,4,2,223,0.191,0,1,1,0
0.0147,63,30,6,5,2,469,0.087,0,1,1,0
0.0918,36,25,10,1,0,632,2.55,0,1,0,1
0.0011,35,29,0,2,3,391,0.011,0,1,1,0
0.1821,54,23,5,0,2,428,4.575,0,1,1,1
0.0031,58,29,3,0,0,902,0.161,0,1,1,0
0.0066,74,22,8,2,2,24,0.009,1,1,1,1
0.0017,86,12,0,0,3,443,0.002,0,1,1,0
0.0014,8,30,4,5,2,737,0.048,0,1,1,1
1.1271,30,22,7,0,0,895,2.009,0,1,1,0
0.5914,91,27,0,2,2,91,1.245,0,1,1,0
0.2019,47,23,8,4,1,329,1.134,0,1,1,0
0.0433,44,24,4,1,3,692,0.1,0,1,1,0
1.2494,42,29,5,5,3,462,7.415,0,1,1,1
0.0592,80,4,9,2,4,648,0.074,0,1,1,1
0.7193,26,26,6,0,3,902,15.37,0,1,1,1
0.001,70,21,2,5,1,701,0.008,0,1,1,0
0.6155,70,29,6,4,3,225,0.893,0,1,1,0
0.0062,82,14,2,5,1,734,0.012,0,0,1,1
0.0032,9,22,4,1,3,311,0.032,0,1,1,0
0.0012,3,9,1,1,1,848,0.005,0,1,0,0
0.03,45,21,6,0,4,308,0.098,0,1,1,0
1.6537,81,19,9,0,3,33,6.373,0,1,1,1
0.62,96,17,1,3,4,636,0.903,0,1,1,0
0.0214,62,24,1,3,2,557,0.026,0,1,1,0
0.0021,48,23,5,1,4,481,0.003,0,0,1,0
0.0057,52,3,0,5,1,608,0.006,0,1,1,0
0.0572,59,8,9,3,4,670,0.468,0,1,1,1
0.0041,57,9,2,0,2,616,0.026,0,1,1,0
0.005,62,7,0,3,1,792,0.022,0,1,1,0
0.1103,63,7,7,5,0,104,0.113,0,1,1,0
0.0012,63,11,6,0,4,920,0.011,0,1,1,0
0.0095,71,22,6,0,0,90,0.026,0,1,1,0
1.6499,17,3,0,1,0,585,2.494,0,1,1,0
0.0893,61,2,10,1,4,424,0.433,0,1,0,1
0.4104,50,0,5,0,4,808,1.522,0,0,1,1
0.0115,17,10,3,3,1,194,0.053,0,1,1,1
0.0862,80,17,1,1,1,879,1.186,0,1,1,0
2.8561,72,5,3,5,3,860,3.446,0,1,1,1
0.4298,5,27,5,3,0,198,1.091,0,1,1,0
1.0821,95,29,2,3,4,973,1.67,0,1,1,0
0.0036,76,16,4,3,0,444,0.006,0,1,1,0
0.5244,98,20,0,2,2,403,0.531,0,1,1,0
0.8455,77,10,4,3,4,500,1.225,0,1,1,0
1.7064,77,19,10,4,1,481,1.749,0,1,1,1
0.1436,8,8,10,2,2,896,0.454,0,1,1,0
1.4971,72,6,5,2,1,846,5.307,0,1,1,1
0.2207,24,24,9,1,2,195,0.405,0,1,1,1
0.621,74,16,2,0,2,654,0.977,0,1,1,0
1.2748,63,11,3,3,3,735,2.362,0,1,1,1
0.1321,32,3,6,4,3,4,0.511,1,1,1,1
1.8691,70,18,4,4,4,431,4.341,0,1,0,1
0.1212,60,13,6,2,0,144,0.151,0,1,1,1
0.9228,35,3,8,4,2,131,1.341,0,1,1,1
1.317,72,1,0,0,2,640,5.387,0,1,1,1
0.1297,96,8,8,2,1,156,0.17,0,0,1,1
2.4121,49,6,8,4,0,978,3.915,0,1,1,0
0.6814,15,3,3,3,1,248,3.835,0,1,1,1
0.0024,30,21,4,3,4,882,0.011,0,1,1,1
0.0019,91,14,7,1,3,872,0.003,0,1,1,0
1.2199,62,13,8,2,2,22,1.454,1,1,1,1
0.0202,90,2,9,5,3,173,0.064,0,1,1,1
0.0074,37,28,3,3,4,899,0.008,0,1,0,1
0.2764,57,22,0,3,4,354,0.629,0,1,0,0
0.0305,55,8,5,1,2,376,0.188,0,1,1,1
0.112,66,19,8,1,0,391,1.185,0,1,1,0
0.0021,89,17,0,2,0,538,0.007,0,1,1,0
0.0094,23,7,6,2,1,534,0.015,0,1,1,0
0.5506,94,5,4,4,3,965,24.914,0,1,1,0
0.1286,9,2,1,2,1,547,0.169,0,1,1,0
0.0034,23,7,0,2,1,785,0.007,0,1,1,0
0.0239,21,1,7,1,1,248,0.041,0,1,1,1
0.0072,22,22,1,5,1,166,0.1,0,1,1,0
0.001,58,16,7,5,3,564,0.002,0,1,1,0
2.0022,45,25,9,4,3,770,11.702,0,1,1,1
0.0028,4,6,1,4,2,863,0.007,0,1,1,1
0.0203,40,15,3,0,1,446,0.045,0,1,1,0
0.4525,17,20,4,3,1,146,1.024,0,0,1,1
0.0429,59,11,3,3,1,426,0.286,0,1,1,0
0.0023,47,1,5,3,3,909,0.004,0,1,1,1
0.0622,61,1,7,0,2,340,0.366,0,1,1,0
0.0032,91,17,4,0,0,522,0.11,0,1,1,0
0.6234,58,11,9,2,2,377,4.882,0,1,1,1
0.0509,97,16,0,5,4,747,0.051,0,1,1,1
0.77,42,21,7,5,2,148,7.881,0,1,1,1
0.024,5,1,4,0,1,200,0.03,0,1,1,0
0.0312,72,8,3,0,0,168,0.064,0,1,1,0
0.0436,21,29,10,3,0,82,0.126,0,1,1,0
0.0201,60,30,4,4,4,562,0.06,0,1,1,0
0.0697,85,21,9,4,2,826,0.303,0,1,1,1
0.0492,42,30,8,2,3,997,0.052,0,1,1,1
1.0494,13,26,2,4,1,865,4.156,0,1,1,0
1.7425,89,17,8,2,3,761,5.758,0,1,1,1
0.1516,84,2,5,0,3,416,0.319,0,1,1,1
1.9124,15,9,3,3,3,951,4.684,0,1,1,1
0.0101,78,25,2,2,1,613,0.115,0,1,1,0
0.6119,1,4,8,3,3,919,0.756,0,1,1,1
2.9609,0,15,2,0,1,299,4.309,0,1,1,1
0.0178,73,2,0,1,2,339,0.205,0,1,1,1
0.001,24,25,2,3,3,111,0.001,0,1,1,1
0.1395,17,2,7,4,2,162,1.387,0,1,1,1
0.258,4,12,5,5,1,712,0.271,0,1,1,1
0.1937,51,13,3,2,2,216,1.215,0,1,1,1
0.114,15,4,1,3,1,153,0.339,0,1,1,0
0.0069,61,13,6,0,4,747,0.032,0,1,1,0
0.0013,20,12,3,2,0,51,0.005,0,0,1,1
0.0552,84,30,6,5,2,461,0.057,0,1,1,0
0.0126,96,18,2,0,1,978,0.014,0,1,1,0
0.0014,17,7,8,4,3,981,0.008,0,1,1,1
0.0011,46,22,5,4,2,346,0.001,0,0,1,1
0.0055,42,21,10,5,4,281,0.006,0,1,1,1
0.1389,55,24,0,3,4,561,0.302,0,1,1,0
0.0012,75,20,1,3,3,952,0.002,0,1,1,0
0.8352,28,14,4,2,0,837,3.238,0,1,1,1
0.072,5,7,7,1,3,3,0.09,1,1,1,1
0.7087,69,30,6,0,4,890,1.104,0,1,1,1
0.1261,6,15,9,1,4,678,0.147,0,1,1,0
0.023,92,10,2,4,1,15,0.035,1,1,0,0
0.0012,16,29,4,1,2,688,0.003,0,1,1,0
0.0184,97,29,4,2,4,709,0.019,0,1,0,0
0.9674,0,30,3,0,2,989,2.839,0,1,1,0
0.8379,68,14,8,0,3,685,2.331,0,1,1,1
0.0041,24,17,4,5,0,933,0.005,0,1,1,1
0.0017,18,10,2,4,4,199,0.003,0,1,1,1
0.9711,96,13,1,4,3,218,1.998,0,1,1,0
0.2759,95,7,10,3,4,790,0.742,0,1,1,0
0.0013,24,0,9,2,0,681,0.003,0,1,1,0
2.4748,59,2,2,0,4,534,17.665,0,1,1,1
3.0653,92,24,5,0,4,831,9.564,0,0,1,1
0.7544,37,1,1,0,2,681,2.879,0,1,1,1
0.0034,43,27,6,0,4,373,0.011,0,1,1,1
2.7189,41,5,1,1,4,618,23.081,0,1,1,0
0.4875,40,28,1,1,4,218,9.061,0,1,0,1
0.4594,96,17,1,5,4,958,1.528,0,1,1,0
0.011,51,24,0,2,3,96,0.194,0,1,1,1
2.0963,75,0,1,3,0,481,18.818,0,1,1,1
1.9445,31,2,5,1,1,665,17.938,0,1,1,1
0.0443,93,22,2,1,4,245,0.084,0,1,0,1
0.6044,99,26,3,3,4,244,0.904,0,1,1,1
0.0703,44,4,6,4,3,933,0.114,0,1,1,0
0.298,32,20,9,3,0,118,1.161,0,1,1,1
0.0044,82,18,1,5,1,136,0.017,0,1,1,1
0.0018,50,4,3,2,0,589,0.016,0,0,1,0
0.028,43,6,7,1,1,742,0.075,0,1,1,0
0.0212,66,21,4,3,1,879,0.059,0,1,1,0
1.0079,84,7,7,3,2,448,2.161,0,0,0,1
1.292,7,23,7,4,2,209,8.91,0,1,1,1
0.031,1,15,8,0,4,466,0.069,0,1,1,1
0.0092,61,30,6,2,1,492,0.416,0,1,1,0
0.0502,28,30,8,4,1,113,0.194,0,1,1,1
1.0399,66,25,4,5,3,21,9.318,1,1,1,1
0.0076,31,24,10,4,4,589,0.041,0,1,1,1
0.0707,19,30,0,2,4,430,0.358,0,1,0,1
0.0118,97,13,4,5,2,601,0.014,0,1,1,0
0.0942,12,12,7,4,1,912,0.277,0,1,0,1
0.007,42,15,3,3,4,17,0.008,1,1,1,1
1.0788,26,14,6,4,0,106,2.429,0,1,1,1
0.3829,27,11,1,0,2,12,0.386,1,1,1,0
1.3011,26,2,5,1,4,122,2.167,0,1,1,1
1.9229,30,1,7,5,2,555,2.634,0,1,1,1
0.0517,27,25,6,2,0,91,0.089,0,1,1,1
0.2737,45,24,7,4,1,28,0.477,1,1,1,0
0.0047,20,7,0,5,1,201,0.016,0,1,1,1
0.0374,79,4,0,0,1,376,0.123,0,1,1,0
0.0035,8,26,2,3,3,8,0.02,1,1,0,0
0.0296,10,24,2,1,0,158,0.042,0,1,1,0
0.3147,91,17,10,4,4,921,0.944,0,1,1,1
0.7956,76,17,10,4,1,977,0.95,0,1,1,1
0.0127,77,6,0,1,3,303,0.014,0,1,1,0
0.0025,88,4,0,1,4,973,0.006,0,1,1,0
0.3116,17,1,8,1,4,897,0.343,0,1,1,1
0.1331,9,7,8,4,0,348,0.503,0,1,1,1
0.7914,5,13,7,1,1,823,8.428,0,1,1,1
0.0353,54,23,10,4,0,756,0.052,0,1,1,0
0.0152,4,24,0,0,0,884,0.047,0,1,0,0
0.6728,74,2,1,5,1,493,0.857,0,1,1,0
0.02,100,20,9,0,1,362,0.025,0,1,1,0
0.0103,37,8,2,0,4,833,0.019,0,1,1,1
0.0673,98,2,2,1,2,514,0.176,0,1,0,1
0.0332,3,1,9,0,0,678,0.095,0,1,1,1
0.0184,66,8,8,1,3,387,0.12,0,1,1,1
0.0063,41,11,10,0,2,318,0.017,0,1,1,1
0.3162,80,15,0,3,1,247,0.564,0,1,1,0
0.566,2,24,9,5,4,190,0.705,0,1,0,1
1.0675,32,26,8,0,4,938,1.701,0,1,0,1
0.9984,22,17,7,3,1,529,5.208,0,1,1,1
0.0251,31,4,10,0,1,714,0.035,0,1,1,1
0.1812,85,23,4,3,2,163,0.239,0,0,1,1
0.3372,67,13,3,0,2,984,0.386,0,1,1,0
0.0105,80,12,2,2,2,776,0.055,0,1,1,0
0.3341,47,10,8,5,1,301,0.457,0,1,1,0
0.0441,39,13,4,2,4,590,0.048,0,1,1,1
0.0062,13,11,3,4,4,532,0.019,0,1,1,0
0.0426,89,1,10,5,2,39,0.043,0,1,1,1
0.0052,27,6,5,1,4,264,0.041,0,1,1,0
0.666,13,2,1,5,4,466,0.845,0,1,1,1
0.1326,25,7,9,0,1,505,0.406,0,1,1,1
1.2256,4,23,1,0,4,780,3.705,0,1,1,1
0.0413,64,27,6,4,4,914,0.194,0,0,1,1
0.6877,75,3,5,3,0,563,0.744,0,1,1,1
0.0209,60,20,7,2,2,843,0.029,0,1,1,0
0.001,79,21,3,3,2,625,0.016,0,1,1,0
0.0018,15,27,8,5,4,294,0.008,0,1,1,1
0.0159,3,18,2,3,1,175,0.072,0,1,1,0
0.0033,30,14,4,2,2,429,0.08,0,1,1,0
0.361,16,16,8,3,0,850,0.455,0,1,0,1
1.8818,54,13,0,4,0,120,2.221,0,1,1,0
2.0113,7,16,3,2,3,408,2.307,0,1,1,1
0.0035,58,2,5,5,1,103,0.014,0,1,1,1
0.0015,55,16,8,1,3,586,0.003,0,1,1,0
0.1797,18,19,3,4,2,298,0.731,0,1,0,0
0.001,67,14,3,2,2,244,0.002,0,1,1,0
0.003,5,6,3,5,2,630,0.004,0,1,0,1
0.2685,77,26,0,4,2,579,0.917,0,1,0,0
1.8723,91,14,4,4,1,413,2.992,0,1,1,0
0.4822,73,25,6,5,2,851,0.801,0,1,1,0
0.2366,58,2,8,2,1,549,0.37,0,1,1,0
0.0033,72,3,4,0,4,909,0.003,0,1,1,1
0.0041,24,3,2,1,2,800,0.01,0,1,1,0
1.9114,52,19,0,4,3,159,2.499,0,1,1,0
0.0013,56,5,3,2,4,966,0.002,0,1,1,1
0.2084,46,20,3,4,1,674,0.249,0,1,1,0
0.7908,44,30,6,5,0,146,1.81,0,1,1,1
0.6547,100,4,6,4,2,558,2.428,0,1,1,0
0.0218,48,11,6,5,0,946,0.045,0,1,0,1
0.2249,87,28,2,1,4,322,0.299,0,1,1,0
0.0047,34,12,8,1,1,602,0.009,0,1,1,0
0.0014,3,26,2,3,1,2,0.003,1,0,1,1
1.2541,8,1,1,3,4,207,1.538,0,1,1,1
2.473,3,1,1,3,4,58,8.338,0,1,1,1
1.0056,41,1,7,3,1,884,1.72,0,1,1,1
0.0275,18,1,5,1,2,277,0.062,0,0,1,1
0.0037,91,30,7,1,3,782,0.006,0,1,1,0
0.0879,11,23,7,5,3,945,0.532,0,1,0,1
0.1277,98,24,4,0,3,960,1.779,0,1,1,0
0.0051,29,2,2,2,2,733,0.006,0,1,1,0
0.0432,10,14,0,1,1,695,7.855,0,1,1,1
0.4228,30,26,8,5,2,136,0.433,0,1,1,1
0.0046,57,2,10,4,2,315,0.005,0,1,0,1
0.0135,18,27,6,2,4,45,0.048,0,1,1,0
0.0067,26,21,4,0,3,482,0.007,0,1,1,0
0.0561,65,5,2,0,0,854,0.114,0,1,1,0
0.0753,23,3,10,1,2,532,0.131,0,1,1,1
0.8019,100,23,10,4,3,240,3.405,0,1,1,1
0.0071,14,27,8,1,4,698,0.021,0,1,1,1
0.0375,94,0,7,5,4,558,0.055,0,1,1,0
0.0387,89,1,6,3,1,922,0.257,0,1,1,0
0.019,0,12,8,1,0,675,0.03,0,1,1,1
0.0036,50,21,10,2,0,796,0.004,0,1,1,0
0.0261,19,23,1,4,1,75,0.046,0,1,1,0
0.4389,5,17,9,4,2,241,1.501,0,1,1,1
0.0011,20,4,0,2,0,975,0.002,0,1,1,0
2.5854,76,22,4,4,2,664,7.582,0,1,1,1
0.062,80,2,10,0,2,356,0.135,0,1,1,0
1.5675,88,20,7,0,2,946,3.874,0,1,1,1
0.0049,98,21,2,0,4,463,0.005,0,1,1,1
0.1575,59,15,9,4,3,394,0.273,0,1,1,1
0.055,19,26,2,2,4,591,1.279,0,1,1,0
0.013,67,0,6,5,1,699,0.23,0,1,1,1
0.0013,46,24,6,3,4,340,0.037,0,1,1,1
0.0095,69,5,5,2,2,258,0.021,0,1,1,0
0.0031,78,9,2,5,1,650,0.004,0,1,1,0
0.5799,28,27,3,4,4,957,2.193,0,1,1,1
1.6069,23,17,5,5,3,183,9.353,0,1,1,1
0.0259,75,7,3,2,4,623,0.114,0,1,1,0
0.0583,71,22,6,2,2,27,0.219,1,1,1,0
0.945,41,0,9,2,3,792,4.143,0,1,1,1
0.1579,15,28,10,4,4,77,0.326,0,1,1,1
0.0015,66,26,5,4,1,276,0.004,0,1,1,0
0.002,37,14,1,2,2,208,0.005,0,1,1,0
0.7268,60,23,8,0,1,818,14.364,0,1,1,0
0.0085,19,22,10,0,2,974,0.011,0,1,1,1
0.0219,67,30,1,5,4,537,0.03,0,1,0,1
0.0471,34,11,2,1,4,540,0.116,0,1,1,0
1.8755,71,25,6,3,0,979,3.685,0,1,1,0
0.0375,56,8,4,1,1,505,0.038,0,1,1,0
0.0095,80,10,9,3,2,816,0.011,0,1,1,1
0.0572,38,30,9,0,0,832,1.888,0,1,1,0
0.0011,5,1,2,2,2,655,0.005,0,1,1,0
0.0029,14,25,5,2,0,214,0.075,0,0,1,1
0.1643,71,23,2,5,0,291,0.312,0,1,1,0
0.1129,91,15,2,3,1,434,0.254,0,1,1,0
0.1782,19,23,0,1,2,867,1.037,0,1,1,0
0.0054,8,16,3,1,4,828,0.028,0,1,1,1
0.005,18,28,10,0,2,640,0.382,0,1,1,1
0.0072,33,15,2,1,4,475,0.009,0,1,1,1
0.2962,85,14,2,1,2,492,0.304,0,1,1,0
0.0085,17,12,2,4,0,334,0.01,0,1,1,0
0.3951,48,28,10,4,1,748,0.454,0,1,0,0
2.2973,82,15,2,0,3,704,3.197,0,1,1,1
0.0946,74,30,2,0,2,187,0.166,0,1,1,0
0.3922,21,30,1,5,3,819,4.902,0,1,1,1
0.0863,18,7,2,2,2,720,0.101,0,1,1,0
0.0132,39,8,6,0,3,743,0.015,0,1,1,1
0.6743,37,7,0,4,2,268,0.707,0,1,1,1
0.3193,14,5,7,4,4,450,0.721,0,0,1,1
0.0144,85,28,9,3,4,933,0.029,0,1,1,0
0.0139,74,30,8,4,1,134,0.018,0,1,1,1
0.5975,50,23,0,4,1,178,0.784,0,0,0,1
0.6885,87,28,7,4,4,519,1.005,0,1,1,1
0.3366,47,21,8,2,1,243,5.131,0,1,1,0
0.4238,98,1,3,0,2,310,4.894,0,1,1,0
0.6024,41,3,7,0,2,856,0.69,0,1,1,0
1.7778,11,0,2,5,4,172,3.019,0,1,1,1
0.0012,38,6,7,2,4,198,0.001,0,1,1,1
2.9691,10,6,10,4,3,96,7.408,0,1,1,1
0.364,14,6,2,0,3,420,6.254,0,1,1,1
0.4084,11,3,1,3,3,108,3.257,0,1,1,1
0.0365,92,10,10,5,4,779,0.039,0,1,1,1
0.0056,37,18,3,3,3,346,0.031,0,1,0,1
0.2128,38,24,8,0,1,783,2.249,0,1,1,1
0.09,50,20,8,1,2,881,0.092,0,0,1,1
0.0101,16,0,9,1,2,991,0.013,0,1,1,0
0.3767,0,25,3,5,4,611,0.643,0,1,1,0
0.5215,29,14,1,1,2,196,1.58,0,1,1,1
0.0119,16,6,0,2,0,910,0.082,0,1,1,0
0.0015,15,11,9,1,3,237,0.009,0,1,1,1
0.0356,92,30,1,3,3,883,0.265,0,1,1,0
0.0722,13,10,5,2,1,848,5.776,0,1,1,1
1.0779,4,7,0,0,0,631,1.127,0,1,1,0
0.4892,57,11,6,2,4,67,0.628,0,1,1,1
0.0099,22,30,3,2,3,862,0.039,0,1,1,0
0.0024,71,1,1,4,0,40,0.003,0,1,1,0
0.0064,57,12,4,0,3,166,0.354,0,1,0,1
0.3497,46,14,1,1,4,32,1.011,0,1,1,1
0.002,65,1,6,3,0,253,0.006,0,1,1,0
0.7006,36,11,8,2,3,308,5.907,0,1,1,1
0.0012,55,5,5,4,4,693,0.003,0,1,1,1
0.0013,15,17,0,2,1,688,0.002,0,1,1,0
0.6832,56,29,4,3,3,448,1.163,0,1,0,1
0.808,89,27,7,0,0,59,1.886,0,1,1,0
0.0143,75,0,1,0,0,458,0.111,0,1,1,0
0.0012,83,8,9,1,4,787,0.002,0,1,0,0
1.0063,80,22,4,4,0,323,14.294,0,1,1,0
0.0014,78,19,8,0,4,305,0.003,0,1,1,0
0.5516,67,15,10,1,0,204,4.423,0,1,1,1
0.129,95,9,1,3,3,979,0.445,0,1,1,1
0.0478,34,7,3,1,2,448,0.049,0,1,1,0
0.121,74,18,1,4,3,827,0.133,0,0,1,1
0.0322,84,4,0,1,3,53,0.059,0,1,1,0
0.002,7,26,2,5,0,646,0.02,0,1,1,0
1.8958,10,7,5,5,4,586,1.909,0,1,1,1
1.422,14,2,7,0,4,516,1.532,0,1,1,1
0.7139,9,17,6,2,2,548,1.572,0,1,1,0
0.0176,65,23,3,4,3,996,1.067,0,1,1,1
0.6943,33,17,0,3,3,328,0.823,0,1,1,0
0.0214,10,9,9,3,0,783,0.132,0,1,1,0
0.2292,75,8,2,4,3,574,0.315,0,1,1,0
2.0019,85,29,7,5,0,274,2.801,0,0,1,1
0.5843,74,13,1,2,3,46,2.32,0,1,1,0
0.2289,88,17,8,1,2,741,0.246,0,1,1,0
1.015,84,21,10,3,1,300,1.095,0,1,1,0
0.0098,78,12,6,4,1,738,0.321,0,1,1,0
0.0124,8,14,0,1,4,347,0.013,0,1,1,0
0.4573,80,13,4,4,4,129,0.476,0,0,1,0
0.0085,51,17,8,1,4,43,0.032,0,1,1,1
2.9315,96,16,7,4,4,70,43.047,0,1,1,1
0.0056,14,18,3,2,4,656,0.006,0,1,1,0
0.0024,27,15,6,0,2,192,0.009,0,1,0,1
0.0021,42,24,0,1,2,929,0.004,0,1,1,0
0.1435,54,10,10,0,1,714,0.252,0,1,0,1
0.0017,96,23,7,5,0,791,0.003,0,1,1,0
0.0819,5,17,8,5,0,888,0.547,0,1,1,1
0.0355,52,16,1,1,2,638,0.094,0,1,1,0
0.03,84,17,9,1,4,406,0.095,0,1,1,0
0.0967,88,28,1,2,2,603,0.146,0,1,1,0
0.1406,92,19,10,1,0,866,0.386,0,1,1,0
0.0216,88,1,5,0,0,486,0.324,0,1,1,0
0.0763,98,17,6,1,3,322,0.117,0,1,1,1
0.1065,41,11,9,0,3,498,0.162,0,0,0,1
0.6675,38,16,9,2,1,49,1.765,0,1,1,0
0.5614,94,27,8,4,3,442,0.71,0,1,0,1
0.0011,39,10,6,2,3,775,0.032,0,1,1,1
2.1651,98,10,3,1,4,825,8.79,0,1,1,1
0.008,51,28,6,1,1,789,0.136,0,1,1,0
0.0148,77,11,3,0,0,712,0.017,0,1,1,0
0.0034,23,30,7,3,3,711,0.025,0,1,1,1
0.0017,3,3,1,1,2,727,0.002,0,1,1,0
0.7137,32,17,8,5,3,62,1.324,0,0,1,1
0.115,50,15,7,4,1,201,0.192,0,1,1,0
0.0358,100,28,0,2,3,139,0.134,0,1,1,0
0.695,9,4,1,1,0,209,0.913,0,1,1,0
0.0063,44,22,9,5,3,888,0.011,0,1,0,0
0.1677,47,8,8,1,2,131,0.223,0,1,1,0
1.1893,46,25,4,0,0,693,1.817,0,1,1,0
0.0432,94,4,3,0,0,144,0.06,0,1,1,0
0.4945,78,24,7,5,4,752,1.121,0,1,1,0
0.4727,31,21,4,5,1,502,0.567,0,1,1,0
0.2499,9,28,7,2,0,671,3.476,0,1,1,0
2.334,5,8,5,5,1,34,2.384,0,1,1,1
0.081,18,8,9,1,2,869,1.995,0,1,1,0
0.2818,81,23,1,4,0,733,0.555,0,1,1,0
0.0017,54,11,2,2,2,261,0.006,0,1,1,0
0.7771,26,26,8,2,0,487,1.101,0,1,1,1
0.0011,87,20,10,2,1,660,0.002,0,1,1,0
0.2059,68,23,6,4,4,594,0.398,0,1,1,1
1.2692,88,19,0,2,2,493,2.634,0,1,1,0
0.0374,17,8,6,1,0,830,0.062,0,1,1,0
0.0216,32,5,4,1,1,852,0.048,0,1,1,0
0.0068,13,4,1,5,4,512,0.042,0,0,1,1
0.0054,22,16,8,0,4,571,0.043,0,1,1,0
0.0011,29,5,0,0,0,709,0.003,0,1,1,1
0.0013,80,19,10,4,3,733,0.015,0,1,0,1
0.0202,11,9,0,5,1,920,0.031,0,1,1,0
0.002,65,24,0,3,2,432,0.004,0,1,1,0
0.0126,52,27,9,2,0,36,0.013,0,0,1,1
0.4272,23,0,5,2,2,976,0.512,0,1,1,1
1.4464,5,13,6,5,3,433,1.597,0,1,0,1
0.0199,11,22,1,5,1,289,0.061,0,0,1,1
0.7291,75,8,9,3,0,536,1.293,0,1,1,1
0.0294,25,9,8,1,3,548,0.072,0,1,1,1
0.0404,1,16,3,4,3,572,0.071,0,1,1,1
3.0375,84,20,7,4,0,373,7.038,0,0,1,1
0.8987,72,14,6,0,4,243,6.56,0,1,1,1
0.4721,45,14,10,4,4,573,24.087,0,1,1,1
0.0864,0,24,9,2,1,964,0.255,0,1,1,1
2.2422,58,15,7,2,0,688,5.776,0,1,1,1
0.0018,69,21,10,4,1,288,0.004,0,1,1,1
0.0085,20,4,9,3,2,525,0.01,0,1,1,0
1.5738,33,23,5,2,1,108,5.295,0,1,1,1
0.8366,40,13,8,1,0,866,0.961,0,1,1,0
0.001,73,0,0,0,3,225,0.002,0,1,1,0
0.0405,27,26,2,2,3,182,0.066,0,1,1,0
1.2565,35,0,0,0,3,533,2.421,0,1,1,1
0.0082,57,7,1,1,3,75,0.009,0,1,1,0
0.0202,61,2,0,2,4,657,0.21,0,1,1,0
2.5795,78,5,7,0,0,323,2.929,0,1,1,0
0.0063,56,1,9,1,1,45,0.015,0,0,0,1
0.0011,61,8,10,0,4,588,0.003,0,1,1,1
0.6879,18,25,9,4,3,424,0.794,0,1,1,1
0.0029,32,8,7,0,3,857,0.004,0,1,1,1
0.0031,60,6,4,4,0,219,0.041,0,1,1,0
0.0014,45,24,8,5,4,413,0.003,0,1,1,1
2.4996,100,25,5,3,2,537,7.337,0,1,1,1
0.0297,7,12,4,4,3,40,0.05,0,1,1,1
0.3252,32,28,4,4,4,200,1.012,0,1,1,1
1.6749,80,27,4,3,1,554,3.736,0,0,1,1
0.0093,6,12,5,3,4,344,0.023,0,1,1,1
0.0044,1,19,0,4,2,924,0.009,0,1,1,0
0.3607,85,19,1,1,0,974,0.462,0,1,1,0
0.0021,87,0,2,2,2,722,0.036,0,1,1,0
0.0039,3,12,9,2,1,323,0.006,0,1,1,1
0.0042,0,28,1,5,1,187,0.005,0,1,1,0
1.1265,7,0,2,3,0,81,1.305,0,1,1,0
1.4886,44,30,10,5,4,266,4.339,0,1,1,1
0.0014,63,3,7,5,1,865,0.026,0,1,1,1
0.3991,86,11,10,0,1,683,27.15,0,1,0,1
2.2432,79,6,4,5,0,209,280.4,0,1,1,1
1.9138,27,13,0,4,4,716,24.984,0,1,1,1
0.1403,12,30,3,5,2,902,0.146,0,1,1,1
0.457,31,29,5,5,4,349,6.069,0,1,1,1
2.3612,72,30,9,0,0,408,2.597,0,1,1,0
0.0018,49,22,7,3,2,46,0.002,0,1,1,0
0.2694,16,22,3,5,1,584,0.385,0,1,1,0
1.039,2,0,6,3,3,387,3.079,0,1,1,1
0.0037,44,26,0,0,3,218,0.028,0,1,1,0
0.01,58,17,4,1,4,63,0.017,0,1,1,0
0.0058,28,9,5,0,0,16,0.13,1,1,0,0
0.0299,86,1,5,1,0,653,0.033,0,1,1,0
0.0071,19,28,1,0,3,403,0.011,0,1,1,1
1.372,42,30,7,2,4,570,4.2,0,1,1,1
0.0045,21,18,9,3,2,172,0.005,0,1,1,1
0.6522,22,25,0,5,1,469,7.925,0,1,1,1
0.0419,3,22,9,1,0,930,0.121,0,1,1,1
0.3147,70,0,2,1,3,718,0.395,0,1,1,0
0.004,45,29,8,0,4,587,0.006,0,1,1,0
0.033,98,3,8,3,1,549,0.383,0,1,1,0
0.0125,95,14,7,1,0,391,0.227,0,1,0,0
0.0154,30,15,8,5,4,879,0.041,0,1,1,0
0.0602,74,15,2,4,2,340,1.034,0,1,1,1
0.0629,21,23,7,1,0,56,0.211,0,1,1,1
1.7505,29,4,10,1,0,259,1.773,0,1,1,1
0.3622,95,27,8,5,0,68,0.998,0,1,1,0
0.0049,1,21,2,5,0,131,0.088,0,0,1,0
0.2726,28,27,2,1,3,510,0.391,0,1,1,1
0.0202,24,1,2,4,0,428,0.079,0,1,0,1
0.2441,7,11,9,1,3,468,0.416,0,1,1,1
0.0061,98,2,10,0,1,613,0.007,0,1,1,0
0.0018,38,12,9,0,1,597,0.015,0,1,1,0
0.0084,94,17,4,0,4,397,0.098,0,1,1,0
1.9324,53,15,0,4,0,376,1.994,0,1,1,0
2.4774,50,14,0,3,1,718,4.327,0,1,1,0
0.0185,7,9,9,2,2,308,0.043,0,1,1,0
0.2495,77,24,3,5,1,582,0.384,0,1,0,0
0.0387,16,27,2,3,1,445,0.129,0,1,1,1
0.0057,52,21,2,5,2,964,0.021,0,1,1,1
0.2383,65,20,0,4,3,972,0.385,0,1,1,0
1.8033,18,20,3,5,2,930,2.992,0,1,1,1
0.0084,25,17,5,1,1,738,0.009,0,1,1,0
0.0045,46,21,0,2,4,242,0.022,0,1,1,0
0.678,30,2,1,5,2,869,20.671,0,1,1,0
0.0086,59,24,6,5,4,692,0.019,0,1,1,1
1.3558,34,23,10,2,1,370,2.393,0,1,1,0
0.0089,49,29,9,4,3,986,0.01,0,1,1,1
0.0042,36,11,0,4,0,587,0.007,0,1,1,0
0.06,43,5,6,4,1,331,0.156,0,1,1,1
0.0366,14,27,3,0,3,891,0.099,0,1,1,0
2.8546,34,5,6,0,2,54,4.376,0,1,1,1
0.0074,20,30,6,0,2,796,0.01,0,1,1,1
0.0962,28,21,7,1,0,985,2.764,0,1,1,0
0.3614,63,30,8,2,1,146,0.494,0,1,0,0
1.6089,71,8,5,1,1,372,2.173,0,1,1,1
1.2946,64,25,7,2,2,865,2.586,0,1,1,1
0.0048,20,27,10,5,0,709,0.005,0,1,1,0
0.006,56,14,7,1,4,441,0.031,0,1,1,1
0.0025,7,20,0,5,2,835,0.005,0,1,1,1
1.8888,41,20,8,5,0,38,2.204,0,0,1,1
0.0028,39,5,5,3,1,123,0.012,0,1,1,0
0.5904,98,29,3,3,4,826,0.594,0,1,1,0
0.005,25,12,9,2,2,727,0.028,0,1,1,0
0.1268,23,18,10,3,1,353,0.205,0,1,1,0
1.0217,87,6,3,1,1,155,2.293,0,1,1,0
0.0046,66,19,9,1,0,295,0.007,0,1,1,0
0.8139,100,11,3,1,1,434,0.837,0,1,1,0
0.0021,6,17,7,0,4,192,0.002,0,1,1,0
0.6672,25,12,0,0,0,504,1.867,0,1,1,0
0.7633,70,7,8,5,4,648,0.792,0,1,1,1
0.6,80,13,4,4,2,799,1.347,0,1,1,1
0.0032,27,22,2,1,1,942,0.029,0,1,0,0
0.0077,19,11,8,5,4,158,0.011,0,1,1,1
0.0042,45,12,0,3,1,841,0.012,0,1,1,0
0.0015,49,7,10,5,3,886,0.002,0,1,0,1
0.0089,87,25,7,2,0,848,0.028,0,1,1,0
2.1097,98,3,10,4,2,153,9.431,0,0,1,1
0.0254,7,16,4,5,3,235,0.039,0,1,1,1
0.0125,35,25,7,0,2,327,0.07,0,1,0,0
0.0017,11,13,4,0,0,580,0.005,0,1,1,0
0.0985,85,2,9,5,3,607,0.217,0,1,1,1
0.6561,7,15,0,1,0,260,0.982,0,1,1,1
1.0816,63,3,2,5,0,154,1.885,0,1,1,0
0.032,79,12,7,4,4,663,0.034,0,1,0,1
0.0018,54,15,7,1,0,818,0.013,0,1,1,0
0.2303,3,14,5,5,4,987,0.354,0,1,1,1
0.0068,81,29,3,5,4,922,0.033,0,1,1,0
0.1603,48,10,4,1,0,977,0.276,0,1,1,0
0.0065,18,1,2,0,4,71,0.018,0,1,0,0
0.009,36,18,10,3,2,492,0.062,0,0,0,1
0.0422,39,9,8,5,3,509,0.071,0,1,1,0
1.2498,11,13,3,3,2,437,1.456,0,1,0,1
0.0265,45,10,3,3,1,39,0.096,0,1,1,0
0.0045,59,14,1,0,4,666,0.012,0,1,1,0
0.0015,47,18,7,5,0,184,0.003,0,1,1,0
0.2293,54,9,3,0,2,629,0.27,0,1,1,0
0.47,78,12,5,2,3,674,1.408,0,1,1,0
1.4254,37,23,3,2,2,805,2.322,0,1,1,1
1.7702,75,7,9,1,2,283,3.068,0,1,1,1
0.0272,2,16,10,5,4,176,0.082,0,1,0,1
0.1315,61,23,3,4,4,658,0.153,0,1,1,1
0.0074,13,30,0,4,3,133,0.009,0,1,1,0
0.0475,38,28,8,2,1,294,0.127,0,1,1,0
0.1121,99,4,0,1,0,44,0.132,0,1,1,0
0.0017,92,19,3,4,0,843,0.002,0,0,1,1
0.5318,26,23,7,2,3,886,1.348,0,1,1,1
0.0152,86,26,7,0,4,963,0.016,0,1,1,0
2.0199,33,22,5,4,2,194,5.167,0,1,1,1
0.006,69,17,5,0,1,304,0.015,0,1,1,0
0.3918,4,27,3,1,2,469,1.849,0,1,1,1
0.0113,84,14,9,3,4,760,0.028,0,1,1,0
0.8113,4,17,10,2,1,583,1.388,0,1,1,1
1.2631,83,2,10,5,3,449,4.727,0,1,0,0
0.0114,40,1,2,1,4,813,0.221,0,1,1,1
0.0905,35,13,6,2,1,460,0.12,0,1,1,0
0.005,17,16,2,4,1,10,0.012,1,1,1,0
0.0057,1,7,0,1,1,260,0.008,0,1,1,1
1.4229,100,14,5,0,3,877,2.327,0,1,1,1
0.7054,31,28,0,1,2,658,0.749,0,1,0,1
0.0064,74,17,4,3,1,241,0.007,0,0,1,0
0.0015,69,9,7,0,4,829,0.002,0,1,1,1
0.325,20,21,2,2,0,903,0.37,0,1,1,0
0.8122,84,28,8,3,0,852,1.173,0,1,1,0
0.0082,13,19,9,1,2,52,0.035,0,1,1,0
0.0349,100,21,7,5,1,348,0.19,0,1,1,0
0.0014,74,25,5,3,3,777,0.002,0,1,1,0
0.0033,31,15,3,5,1,463,0.004,0,1,1,1
0.002,6,3,8,3,4,43,0.003,0,1,1,1
1.6359,78,1,10,0,3,876,5.547,0,0,1,1
0.1594,28,19,2,2,0,602,0.229,0,1,1,0
0.013,97,3,7,0,1,180,0.033,0,1,1,0
0.0059,58,5,2,0,2,878,0.016,0,1,1,0
0.0132,33,18,10,3,1,931,0.019,0,1,1,0
0.0051,37,9,4,3,0,313,0.01,0,1,1,0
0.0144,34,14,0,1,0,881,0.019,0,1,1,0
0.0018,98,27,5,1,3,509,0.01,0,1,1,0
0.2008,20,30,9,5,2,425,0.218,0,1,1,1
0.605,20,29,5,4,1,18,1.716,1,1,1,1
0.6813,17,0,10,2,4,743,2.354,0,1,1,1
1.7148,98,13,3,0,1,606,2.441,0,1,1,0
0.0335,59,21,2,5,3,177,0.05,0,1,1,0
0.0014,48,2,5,5,2,639,0.003,0,1,1,1
0.0052,13,7,10,4,0,45,0.006,0,1,1,1
0.0035,82,2,2,1,0,973,0.009,0,1,1,0
0.2087,14,22,5,4,1,891,0.416,0,1,1,1
1.3418,13,24,9,0,4,335,3.419,0,1,1,0
0.422,86,0,0,3,1,584,0.843,0,1,1,0
0.048,40,16,5,5,3,654,0.119,0,1,1,1
0.4062,76,13,2,1,2,675,0.567,0,1,1,0
0.0032,9,6,2,0,2,707,0.005,0,1,1,0
0.6101,14,9,7,4,4,792,6.449,0,1,1,1
0.0365,97,13,9,4,4,628,0.361,0,1,1,1
0.278,14,23,8,0,0,225,10.775,0,1,1,1
0.0039,0,1,0,2,1,766,0.007,0,1,1,1
0.0022,41,20,0,2,1,277,0.009,0,1,1,0
1.8776,70,22,2,3,4,176,3.061,0,1,1,1
0.0247,89,13,2,3,3,956,0.029,0,1,1,0
0.0053,64,19,6,5,1,220,0.007,0,1,1,0
0.1669,80,30,8,3,1,408,0.301,0,1,1,0
0.0024,9,6,2,5,4,811,0.003,0,1,1,1
0.2268,65,23,3,2,1,473,3.335,0,1,1,0
0.3012,97,23,0,3,3,505,0.708,0,1,1,0
0.0198,74,5,0,5,4,536,0.073,0,1,1,0
0.1493,59,19,7,3,0,472,0.42,0,1,1,0
0.1068,68,20,3,4,2,359,0.158,0,1,1,0
0.7528,19,22,6,3,2,713,1.943,0,1,1,1
1.1081,73,26,1,1,2,459,1.862,0,1,1,0
0.0037,41,7,9,2,3,644,0.005,0,1,1,0
0.1066,77,0,7,2,3,147,0.18,0,1,1,0
0.0017,56,18,9,3,3,23,0.003,1,1,1,1
0.2393,32,17,5,5,4,872,2.995,0,1,1,1
0.645,64,27,4,0,3,474,1.237,0,1,1,0
0.0053,93,18,8,4,0,390,0.162,0,1,1,0
0.0011,77,5,10,5,4,826,0.001,0,1,0,1
1.2785,4,5,6,1,3,41,2.117,0,1,1,1
0.87,22,8,8,2,2,533,1.558,0,1,1,1
0.088,85,25,0,2,3,313,0.365,0,1,1,0
0.0455,95,3,8,2,3,887,0.047,0,1,1,0
1.5966,6,0,3,0,2,738,15.02,0,1,1,1
0.5308,45,20,3,0,2,397,0.691,0,1,1,1
0.0342,69,21,4,3,3,584,0.037,0,1,1,0
0.194,67,15,2,3,0,32,0.451,0,1,1,0
0.0027,29,8,4,2,2,135,0.007,0,1,1,1
0.0159,54,17,6,2,1,309,0.02,0,1,1,1
0.0136,44,19,9,3,3,141,0.075,0,1,1,0
0.0043,77,0,5,1,1,955,0.01,0,1,1,1
0.0557,61,28,6,2,4,296,0.093,0,1,1,0
0.0139,12,27,3,4,1,321,0.014,0,0,1,1
0.3551,27,3,2,5,4,58,2.688,0,0,1,1
0.0021,8,29,7,1,1,649,0.005,0,1,1,1
0.1774,93,7,9,2,4,329,0.541,0,1,1,1
0.2188,21,21,5,1,2,104,0.661,0,1,1,0
0.002,8,1,5,0,4,873,0.003,0,1,1,1
0.0388,34,15,3,2,1,366,0.044,0,1,1,0
0.9685,37,3,7,0,2,595,1.69,0,1,1,1
0.0103,77,6,0,2,1,501,0.052,0,1,0,0
0.0298,100,2,3,1,4,941,0.032,0,1,1,0
0.059,22,25,8,0,2,814,0.295,0,1,1,1
0.0875,23,10,10,0,2,186,0.213,0,1,1,0
0.0056,41,23,3,3,4,52,0.05,0,1,1,0
0.0472,37,8,6,3,0,753,0.051,0,1,1,0
0.0246,8,9,3,1,3,140,0.028,0,1,1,0
0.032,43,1,9,4,4,600,0.274,0,1,1,1
0.087,61,7,9,0,4,928,0.122,0,1,1,1
0.2917,69,19,6,5,4,298,0.978,0,1,1,1
1.9169,99,16,4,4,4,742,10.966,0,1,1,1
0.0199,99,28,7,2,4,357,0.038,0,1,1,1
0.1184,22,4,1,3,4,474,0.132,0,1,1,0
0.8611,17,9,8,4,1,655,0.958,0,1,1,1
1.745,96,18,8,2,2,948,6.475,0,1,1,1
0.0308,97,27,2,4,3,536,0.139,0,1,1,1
0.0706,43,24,6,4,0,794,0.072,0,1,1,0
0.0769,35,30,5,4,0,909,0.124,0,1,1,0
2.4057,92,18,10,1,0,456,7.541,0,1,0,1
0.0308,54,18,3,1,2,92,0.041,0,1,1,0
0.0012,92,14,0,5,2,200,0.002,0,1,1,1
0.1035,100,18,1,0,1,982,0.18,0,1,1,0
0.003,40,11,1,1,3,44,0.009,0,1,1,0
0.0023,64,22,1,0,2,336,0.011,0,1,1,0
0.0252,43,29,8,3,1,389,0.057,0,1,1,1
0.0166,92,19,6,4,1,215,0.255,0,1,1,1
0.0147,41,27,6,0,2,649,0.059,0,1,1,0
1.0297,48,7,9,3,4,191,8.574,0,1,1,1
0.0073,86,19,0,5,1,859,0.015,0,1,1,0
0.9849,69,19,6,5,3,420,3.299,0,0,1,1
0.021,32,8,1,5,3,79,0.021,0,0,1,1
2.093,81,28,3,2,4,894,5.074,0,1,1,1
2.5918,15,1,3,5,4,560,11.894,0,0,1,1
0.0505,26,13,2,4,0,270,0.111,0,1,1,0
0.1063,75,10,3,0,4,422,0.214,0,1,0,1
0.4432,84,27,9,5,0,584,0.58,0,1,1,0
0.1406,58,24,4,2,2,115,0.169,0,1,1,0
0.417,58,4,7,0,3,273,0.431,0,1,0,0
2.2882,15,25,1,3,2,795,11.049,0,1,1,1
0.1168,97,16,1,4,3,211,0.156,0,1,1,0
0.006,29,6,6,2,3,461,0.025,0,0,1,1
0.0011,14,30,5,1,4,846,0.039,0,1,1,0
0.0243,44,8,2,0,2,70,0.028,0,1,1,0
0.1378,92,20,5,3,3,138,1.941,0,0,1,1
0.2603,88,18,4,0,4,221,0.333,0,1,1,0
0.1784,7,19,7,5,4,317,1.2,0,1,1,1
0.0802,59,0,9,5,4,487,0.309,0,1,1,0
0.0265,23,5,5,0,3,863,0.09,0,1,1,1
1.3039,82,21,3,1,3,103,23.119,0,1,1,1
0.0218,55,3,6,1,0,487,0.048,0,0,1,0
0.0016,19,24,0,0,4,344,0.002,0,1,1,0
0.003,73,11,3,3,4,598,0.006,0,0,1,1
0.0016,63,7,2,2,4,989,0.007,0,0,1,1
0.0046,99,1,10,3,1,165,0.006,0,1,1,0
0.3994,60,28,1,5,3,508,0.496,0,1,1,1
1.1104,90,24,4,5,3,812,1.943,0,1,1,1
2.9842,8,15,0,3,2,314,3.05,0,1,0,1
0.4555,37,27,2,1,2,148,3.069,0,1,1,1
1.5481,34,24,1,1,0,598,3.449,0,1,1,0
1.2347,48,19,0,1,1,431,12.484,0,1,1,0
0.0443,10,20,7,4,2,738,0.065,0,1,1,1
0.0161,88,11,9,4,2,115,0.145,0,1,1,0
0.0131,68,18,1,1,3,554,0.019,0,1,1,0
0.6429,52,8,7,4,3,811,0.951,0,1,1,1
0.0419,7,29,0,4,4,276,0.082,0,1,1,1
0.7465,71,2,9,0,4,34,1.311,0,1,1,1
0.0113,6,12,9,5,4,956,0.012,0,1,1,1
2.3271,80,4,3,2,1,286,8.49,0,1,1,0
0.0014,20,3,3,4,4,421,0.009,0,1,1,0
0.0039,21,6,7,5,1,888,0.6,0,0,1,1
0.0058,7,0,0,4,4,386,0.008,0,1,1,1
0.0069,14,19,0,0,4,534,0.007,0,1,1,1
0.0026,0,0,9,0,3,582,0.003,0,1,1,1
0.0538,58,23,9,5,4,968,0.073,0,1,1,1
0.0228,69,25,5,2,4,863,0.026,0,1,1,0
0.0479,33,12,3,0,0,24,0.049,1,1,1,0
0.2483,31,13,1,0,1,976,0.472,0,1,1,1
0.0021,77,17,10,2,2,338,0.002,0,1,1,1
2.5394,24,20,4,5,0,71,10.45,0,1,1,1
0.0013,41,12,9,4,4,257,0.005,0,1,1,1
0.0351,91,1,1,0,4,142,1.671,0,1,1,1
0.4954,11,22,8,1,1,669,0.537,0,1,1,1
0.001,50,4,0,4,2,513,0.001,0,1,1,0
0.0433,45,20,3,3,2,164,0.043,0,1,1,1
0.0107,20,19,1,4,1,565,0.089,0,1,1,0
0.0018,22,25,10,2,2,579,0.002,0,0,1,1
0.0013,59,19,2,1,0,271,0.014,0,1,0,0
0.0673,58,2,0,0,1,206,0.091,0,1,1,0
0.0313,44,2,2,0,2,970,0.063,0,1,1,0
0.4266,28,30,4,2,3,743,0.65,0,0,1,0
2.6585,53,7,10,2,3,846,28.679,0,1,1,1
0.0191,92,23,10,1,2,504,0.054,0,1,1,0
0.002,52,17,2,1,2,776,0.002,0,1,1,0
0.0044,57,0,8,3,3,721,0.005,0,1,1,0
2.16,16,8,1,4,3,906,4.856,0,1,1,1
0.0088,79,9,7,3,0,679,0.042,0,1,0,1
0.0278,13,25,8,2,4,580,0.186,0,1,1,1
1.0576,26,9,0,2,3,900,6.754,0,1,1,1
0.002,81,13,4,4,2,168,0.011,0,1,1,0
0.2041,35,25,4,5,0,785,0.332,0,1,1,0
0.0819,10,16,2,3,1,3,0.264,1,1,1,1
0.1132,36,16,8,1,0,541,0.268,0,1,1,1
0.0262,33,27,0,2,0,837,0.274,0,1,0,0
0.0199,25,21,4,0,1,254,0.049,0,1,1,0
0.4017,67,13,0,1,3,146,0.46,0,1,1,0
2.8582,25,5,0,5,1,108,4.809,0,1,1,1
2.2536,10,2,4,0,0,215,2.768,0,1,1,1
0.4224,63,23,1,4,3,781,0.54,0,1,1,1
0.1608,49,28,2,2,4,770,0.614,0,1,1,0
0.0099,81,14,8,2,2,944,0.047,0,0,1,1
0.0061,67,5,1,0,3,945,0.007,0,1,1,0
0.404,60,4,7,4,0,733,0.966,0,1,1,0
0.0859,65,3,9,3,1,133,0.098,0,1,1,0
2.8672,32,15,7,0,4,203,63.574,0,1,1,1
0.091,13,28,0,1,2,561,0.165,0,0,1,0
0.0426,64,1,0,1,2,686,0.055,0,1,1,0
0.0242,23,5,1,3,4,39,0.036,0,1,1,1
0.0171,58,8,6,5,3,21,0.025,1,1,1,1
0.1476,15,7,9,2,1,92,0.176,0,1,1,0
0.7622,49,2,0,3,0,223,0.81,0,1,0,0
0.0675,33,28,2,2,1,720,0.125,0,1,1,0
0.003,69,27,4,4,0,226,0.027,0,0,1,0
0.6804,9,26,0,2,1,48,8.964,0,1,1,1
0.0189,91,17,6,5,2,414,0.028,0,1,1,0
1.0441,29,9,8,0,0,4,1.185,1,1,1,1
0.0556,33,24,2,3,4,840,0.065,0,1,1,1
0.045,70,10,5,5,0,141,0.1,0,1,0,0
0.6685,17,7,9,2,4,510,2.539,0,1,1,1
1.9325,5,24,10,4,3,165,12.254,0,1,1,1
0.0333,94,26,5,2,3,792,0.092,0,1,1,0
0.0012,26,1,8,3,0,371,0.002,0,1,1,1
0.1755,29,15,10,5,0,222,0.179,0,1,1,1
0.5213,56,9,1,2,4,867,2.815,0,1,1,1
0.0931,42,8,6,5,4,413,0.49,0,1,1,1
0.0112,5,14,6,3,2,140,0.029,0,0,1,1
0.0472,8,27,3,2,1,745,0.099,0,1,1,0
0.0179,16,6,8,3,4,856,0.02,0,1,0,1
0.6175,66,29,8,3,4,696,1.827,0,1,0,1
0.0067,0,11,0,5,4,967,0.014,0,1,1,1
0.396,41,19,7,3,2,796,0.602,0,0,1,1
0.0377,94,15,8,4,3,512,0.231,0,1,1,0
0.1131,3,7,8,2,1,866,0.279,0,1,1,0
0.0393,26,5,0,5,1,180,0.365,0,1,1,0
0.8428,47,20,7,3,4,124,4.999,0,1,1,1
0.0036,69,11,1,2,2,858,0.015,0,1,1,0
1.9498,54,30,9,0,1,599,56.68,0,1,1,1
0.0279,72,25,8,0,0,912,0.102,0,1,1,0
0.0016,69,0,1,3,3,905,0.007,0,1,0,0
0.0251,24,14,0,2,0,964,0.118,0,0,1,0
0.0404,32,29,4,3,4,230,0.091,0,1,1,1
0.548,55,7,8,0,4,228,1.368,0,1,0,0
0.0081,20,28,5,4,4,838,0.012,0,1,1,1
0.1308,16,14,2,3,1,554,0.228,0,1,1,0
0.006,83,1,4,4,3,61,0.014,0,1,1,1
0.0144,21,14,2,4,2,365,0.054,0,1,1,0
0.1128,2,14,0,4,4,446,0.151,0,1,0,0
0.4339,2,5,0,4,0,682,0.452,0,1,1,0
0.1209,21,5,1,2,2,904,0.427,0,1,1,0
1.5796,74,7,2,1,2,981,137.357,0,1,1,1
0.0178,5,4,5,5,2,353,0.029,0,1,0,1
2.9013,36,10,10,0,1,876,5.213,0,1,1,1
0.271,26,19,3,1,1,897,0.682,0,1,1,1
0.0312,0,25,8,0,2,578,0.048,0,1,1,1
0.8143,100,8,4,0,1,901,2.418,0,1,1,0
0.0125,78,19,9,1,0,121,0.031,0,1,1,1
0.0407,75,11,4,1,0,929,0.052,0,0,1,0
0.0021,26,28,7,2,4,816,0.005,0,1,1,1
0.0063,61,11,3,5,3,132,0.023,0,1,1,1
0.2174,65,20,6,2,3,106,7.175,0,1,1,1
0.0026,98,7,0,0,4,608,0.005,0,1,1,0
1.1507,34,1,3,1,0,65,3.433,0,1,1,1
0.0021,26,23,2,0,4,656,0.002,0,1,1,0
0.0351,75,14,10,1,2,478,0.051,0,1,1,1
0.0029,11,16,8,1,2,644,0.003,0,1,1,0
0.1168,94,29,0,2,4,495,0.184,0,1,1,0
0.0049,26,28,3,1,4,604,0.049,0,1,1,0
1.9936,21,10,7,5,4,682,32.155,0,1,1,1
0.169,100,25,5,5,4,544,0.961,0,1,1,0
0.2806,90,25,7,1,3,808,1.04,0,1,1,0
0.2017,99,5,5,2,1,883,0.273,0,1,1,1
0.1121,21,17,2,1,1,891,0.209,0,1,1,0
0.61,81,12,2,2,3,177,0.801,0,1,1,0
0.1826,11,27,2,1,1,945,0.317,0,1,1,0
0.5731,77,22,10,3,3,175,4.132,0,1,1,1
0.0083,43,26,0,4,2,441,0.01,0,1,0,0
0.0012,29,19,1,0,0,589,0.006,0,1,1,0
0.003,38,26,7,0,0,973,0.278,0,1,1,1
2.3868,67,4,7,3,0,329,2.583,0,1,1,1
0.8097,7,15,6,1,3,289,0.862,0,1,1,1
0.1008,29,14,2,1,2,434,0.153,0,1,1,0
0.2273,26,27,3,3,0,13,0.865,1,1,1,0
2.385,38,4,3,5,0,399,8.187,0,1,1,1
0.0049,22,14,7,5,3,536,0.005,0,1,1,1
0.03,88,6,4,4,2,185,0.107,0,1,0,1
0.0018,41,27,5,0,4,564,0.002,0,1,1,0
0.1426,24,5,4,5,1,43,0.639,0,1,1,1
0.5015,9,24,7,1,1,276,0.629,0,1,1,1
0.0229,32,14,9,0,1,368,0.061,0,1,1,1
0.8856,17,13,8,4,0,288,1.709,0,1,1,1
0.0085,83,0,0,4,2,233,0.01,0,1,1,0
2.0073,22,2,6,5,2,241,96.043,0,1,1,1
0.1085,28,15,8,0,2,689,0.128,0,1,1,0
0.3799,37,7,7,4,4,269,0.952,0,1,1,1
0.079,57,26,10,2,3,263,0.582,0,1,1,0
0.4391,51,17,1,2,2,904,0.537,0,1,1,0
0.0999,7,4,7,3,1,591,0.192,0,1,0,1
0.2762,83,26,8,3,0,298,0.366,0,1,1,0
0.0152,4,7,3,3,2,937,0.071,0,1,1,1
0.1804,85,6,0,3,3,718,0.328,0,1,1,1
0.3734,53,13,7,4,2,795,0.726,0,1,0,1
0.0595,42,6,8,2,4,828,0.079,0,1,1,1
0.0052,87,26,2,5,4,711,0.007,0,1,1,0
0.0012,40,25,10,2,0,865,0.008,0,1,1,0
0.2696,7,8,10,4,3,784,0.312,0,1,0,1
0.0355,52,12,3,1,0,781,0.061,0,1,1,0
1.3712,1,15,3,4,4,182,2.22,0,1,1,1
0.0962,68,29,2,3,0,576,0.1,0,1,1,0
0.506,29,14,1,3,0,547,0.826,0,1,1,1
0.1137,20,0,3,5,4,549,0.117,0,1,1,1
0.4998,41,9,10,5,4,709,0.644,0,0,1,1
0.0292,3,12,9,1,0,632,0.151,0,1,1,1
3.0677,67,5,4,1,4,935,4.645,0,1,1,1
0.0015,18,25,10,5,0,478,0.003,0,1,1,0
0.001,81,12,10,2,1,695,0.002,0,1,1,0
0.452,6,3,6,5,2,904,0.685,0,1,1,0
0.1946,11,10,0,1,3,794,0.208,0,0,1,0
0.0277,38,1,7,0,1,32,0.053,0,1,1,0
2.3083,8,14,2,3,1,542,4.178,0,1,1,1
0.497,38,26,8,2,0,677,0.958,0,1,1,0
2.4032,72,5,10,5,3,647,4.433,0,1,0,1
0.1184,14,23,9,3,0,176,0.865,0,1,1,0
0.0718,2,7,9,0,3,59,0.072,0,1,1,1
0.2258,33,8,4,1,2,823,1.201,0,1,1,1
3.1197,87,26,7,0,0,183,3.844,0,0,1,0
0.0032,20,21,5,1,3,611,0.003,0,0,1,0
0.0403,31,0,2,4,2,584,0.043,0,1,1,1
0.1365,83,24,7,0,1,941,0.424,0,1,1,0
1.3179,39,1,5,2,1,716,1.745,0,1,1,1
0.7129,47,24,4,5,0,995,1.014,0,1,1,0
1.3996,69,4,1,2,4,463,3.756,0,1,1,0
0.0251,19,6,2,1,3,40,0.041,0,1,1,0
0.071,36,18,1,1,2,596,0.073,0,1,1,0
0.2153,22,4,0,2,1,620,0.224,0,1,1,0
0.0028,49,13,6,0,3,972,0.015,0,1,1,0
0.0209,75,29,9,5,1,603,0.022,0,1,1,0
0.0057,96,17,7,3,4,528,0.009,0,1,1,1
0.5413,1,9,1,1,2,538,0.624,0,1,1,1
0.1343,31,3,5,1,4,541,0.223,0,1,1,1
0.0028,1,0,0,0,2,305,0.004,0,0,1,0
0.0033,78,23,1,2,1,874,0.004,0,0,1,1
0.0113,2,6,8,4,3,330,0.021,0,1,1,1
0.1175,69,13,10,2,3,305,0.125,0,1,1,1
1.5138,42,19,10,1,0,532,6.414,0,1,1,1
0.0496,54,13,9,0,4,966,0.123,0,1,1,0
0.0976,99,17,0,5,2,412,1.088,0,1,1,0
0.0073,0,14,9,3,3,103,0.022,0,1,1,1
0.4487,83,29,10,2,0,318,0.91,0,1,1,1
0.0037,28,30,1,5,1,494,0.009,0,1,1,1
0.0545,63,6,10,1,0,509,0.237,0,1,1,1
0.1034,84,5,0,1,2,854,0.172,0,1,1,0
0.0049,61,6,3,3,0,195,0.016,0,1,1,0
0.0092,57,9,8,4,0,799,0.021,0,1,1,0
0.0286,16,24,3,2,0,946,0.034,0,1,0,0
0.0018,96,19,1,3,0,941,0.002,0,1,1,0
0.2709,84,5,8,4,2,81,0.279,0,1,1,1
0.706,71,25,5,4,0,353,0.967,0,1,1,0
0.0133,57,8,4,5,4,402,0.02,0,1,1,0
0.0015,62,26,7,0,0,292,0.002,0,0,1,1
0.0123,39,3,8,2,0,780,0.017,0,1,1,1
0.0019,69,0,10,1,4,392,0.002,0,1,1,0
0.0068,47,29,8,4,3,701,0.01,0,1,1,1
0.036,69,0,2,3,2,162,0.037,0,1,1,0
0.2643,90,19,3,1,1,351,4.39,0,1,1,0
2.8125,38,8,0,4,4,922,6.468,0,1,1,1
0.3307,77,17,7,0,4,173,2.713,0,0,1,0
0.0021,92,26,10,2,1,81,0.002,0,1,1,0
0.0211,12,10,8,2,4,347,0.026,0,1,1,1
0.2011,14,19,10,3,0,303,0.298,0,1,1,1
0.0012,28,19,7,5,0,488,0.002,0,1,1,1
0.3487,7,27,8,5,1,941,0.781,0,1,1,1
0.0232,9,26,9,4,2,747,0.026,0,1,1,1
0.0227,52,4,6,1,1,335,0.025,0,1,1,0
2.6108,17,23,6,0,4,309,3.208,0,0,1,1
0.001,49,16,6,0,2,951,0.022,0,1,1,0
0.033,1,11,0,1,4,909,0.076,0,1,1,0
0.1526,75,3,0,1,4,45,2.407,0,1,1,0
0.1725,18,11,2,0,4,269,0.224,0,1,1,0
0.0199,59,22,9,2,1,879,0.104,0,1,1,0
0.0015,91,17,6,0,1,884,0.002,0,1,1,0
0.0108,41,8,4,5,4,975,0.014,0,1,1,0
0.0097,36,29,5,1,4,93,0.017,0,1,0,1
0.1212,44,20,5,4,1,291,0.159,0,1,1,0
0.0264,21,19,10,2,1,127,0.083,0,1,1,1
0.0011,52,3,6,1,2,555,0.004,0,1,1,0
0.0035,53,28,6,0,1,202,0.009,0,1,1,0
0.0018,25,21,0,0,3,236,0.019,0,1,1,0
0.0021,54,1,5,4,3,586,0.008,0,1,1,1
0.0072,41,9,7,4,2,58,0.01,0,1,1,1
0.0022,40,22,7,4,0,327,0.002,0,1,1,1
0.178,67,20,9,4,3,446,0.21,0,1,1,1
0.0056,42,12,1,4,1,200,0.011,0,1,1,0
0.0909,50,17,0,2,3,51,0.091,0,1,1,0
0.9257,93,2,8,2,1,877,1.636,0,0,1,1
0.1295,55,15,3,1,1,871,0.214,0,1,1,0
0.5642,17,6,9,3,2,266,0.612,0,0,1,1
0.4686,50,29,7,3,4,881,2.765,0,1,1,1
0.0067,90,5,3,5,4,889,0.048,0,1,1,0
0.0012,12,8,0,0,3,632,0.007,0,1,1,0
0.003,38,15,10,0,4,606,0.214,0,1,1,1
0.0145,41,27,1,2,2,707,0.233,0,1,1,0
0.0136,72,22,9,4,0,207,0.397,0,1,1,0
0.0238,36,7,3,5,1,189,0.038,0,1,1,0
1.5763,63,14,7,3,1,209,2.167,0,1,1,1
0.0013,50,12,4,5,3,29,0.006,1,1,1,1
0.0068,4,10,9,2,1,639,0.011,0,1,1,1
0.7662,81,15,4,5,0,136,1.132,0,1,1,0
0.0453,97,11,8,1,3,465,0.049,0,1,1,0
0.0319,20,0,0,1,3,196,0.089,0,1,1,0
0.6816,51,28,4,3,0,290,1.142,0,1,1,0
0.0054,66,29,3,4,4,696,0.01,0,1,1,1
3.0931,9,8,9,5,4,438,3.478,0,0,1,1
0.0011,36,19,10,1,1,844,0.004,0,1,1,1
0.406,75,8,6,0,1,104,0.576,0,1,1,0
0.66,9,21,1,2,4,296,2.586,0,1,1,1
0.0018,87,14,6,5,1,141,0.002,0,1,1,0
0.0116,63,9,2,5,1,350,0.023,0,1,1,0
0.9233,99,16,8,1,1,210,1.419,0,1,1,1
0.1997,37,2,6,4,0,394,0.979,0,1,1,0
0.1034,47,12,4,3,4,614,0.376,0,1,1,1
0.2388,65,13,10,3,4,276,1.213,0,1,1,1
0.007,0,27,9,3,1,207,0.008,0,1,1,1
1.2028,53,2,6,3,1,8,1.334,1,1,1,1
0.2485,52,30,4,2,3,682,0.763,0,1,1,0
0.018,63,11,1,1,2,482,0.316,0,1,0,0
0.0152,100,25,6,4,1,299,0.036,0,1,1,0
0.0137,19,5,4,2,2,71,0.029,0,1,1,1
0.0032,25,6,8,3,4,437,0.004,0,0,1,1
1.085,93,2,7,0,1,419,3.595,0,1,1,0
0.0035,27,16,10,3,0,178,0.005,0,0,1,1
0.3764,28,0,9,2,0,218,0.642,0,1,1,1
0.0017,77,15,9,3,4,899,0.005,0,1,1,1
0.0087,26,11,6,4,2,540,0.185,0,0,1,1
0.4338,48,24,7,2,4,998,0.866,0,1,1,0
0.006,32,21,0,2,4,849,0.041,0,1,1,0
0.001,91,19,4,2,1,667,0.001,0,1,1,0
0.0173,67,19,2,2,4,288,0.037,0,1,1,0
0.0034,29,3,9,5,3,681,0.008,0,1,1,1
0.019,14,21,4,0,4,921,0.021,0,1,1,0
0.0036,0,16,8,5,1,860,0.007,0,1,1,1
0.0631,35,3,9,3,1,251,0.065,0,1,1,1
0.3792,46,23,8,3,4,775,0.452,0,1,1,1
0.0642,12,27,7,1,0,394,0.295,0,1,1,0
1.5909,11,11,1,4,0,480,2.04,0,1,1,0
0.7615,43,18,4,3,4,562,1.799,0,1,0,1
0.0029,92,4,3,5,3,122,0.005,0,1,1,0
1.2407,29,15,10,4,0,37,1.268,0,1,1,1
0.009,91,17,10,5,3,57,0.011,0,1,1,0
0.108,90,8,1,5,3,431,0.181,0,1,1,1
0.7327,69,17,9,5,0,864,1.418,0,1,1,1
0.0017,63,19,0,4,4,310,0.002,0,1,1,0
0.0039,70,6,8,2,4,525,0.141,0,1,1,1
0.0011,61,12,1,1,1,608,0.009,0,1,1,0
0.2176,3,20,5,5,0,561,1.369,0,1,1,0
0.578,66,20,6,5,0,524,18.408,0,1,1,1
0.0011,51,12,9,0,0,49,0.002,0,1,1,1
0.0875,49,17,9,1,1,282,0.094,0,1,1,0
0.0116,58,29,0,1,2,46,0.023,0,1,1,0
0.0653,93,27,3,1,2,363,0.133,0,1,0,0
0.0023,21,26,10,1,0,331,0.003,0,1,1,0
0.0347,4,11,2,5,0,538,0.04,0,1,1,1
0.0091,35,8,0,2,2,522,0.112,0,1,1,1
1.2799,6,20,1,1,1,664,6.32,0,1,1,1
0.0358,41,20,6,4,4,77,0.081,0,1,1,0
0.1454,68,1,2,1,2,824,0.339,0,1,1,0
0.0277,60,18,4,0,1,840,0.064,0,1,1,0
0.0012,55,6,2,4,2,492,0.002,0,1,1,0
0.0175,63,11,7,5,1,616,0.026,0,1,1,1
0.0605,71,24,3,5,0,140,0.108,0,1,1,0
0.2073,82,5,3,1,1,308,0.281,0,1,1,1
0.0164,94,8,8,1,4,444,0.035,0,1,0,1
0.0105,49,27,7,5,2,399,0.014,0,1,1,0
0.0807,83,2,10,3,2,759,0.676,0,1,1,1
0.001,1,30,2,1,0,526,0.002,0,1,1,0
1.9942,12,7,4,2,3,396,3.364,0,1,0,1
0.0052,62,25,7,2,0,754,0.007,0,1,1,1
0.0262,85,20,3,1,0,832,0.041,0,1,1,0
0.4187,73,23,10,4,3,725,0.47,0,1,1,1
0.0383,15,19,6,3,3,446,0.038,0,1,0,1
1.5975,35,5,0,1,1,137,5.867,0,1,1,1
0.0014,26,23,7,3,4,227,0.002,0,1,1,1
0.0457,57,19,1,2,1,651,0.366,0,1,1,0
0.1441,27,7,5,0,3,312,0.33,0,1,1,1
1.0963,48,26,0,0,4,393,2.865,0,1,1,1
0.1112,96,11,10,3,4,649,0.686,0,1,1,1
0.2504,48,27,4,0,2,623,0.292,0,0,1,0
0.7083,41,0,2,5,2,352,3.338,0,1,1,0
2.4542,99,9,10,2,4,409,2.694,0,1,1,1
0.001,60,24,3,1,0,259,0.001,0,1,1,0
0.0203,61,9,9,1,1,367,0.026,0,1,1,0
0.0645,75,26,5,1,0,138,3.413,0,1,0,0
0.0071,63,20,6,3,0,527,0.009,0,1,1,0
0.0016,92,22,8,3,1,88,0.005,0,1,1,0
0.0075,55,15,8,3,1,647,0.015,0,1,1,0
0.0833,12,1,9,5,3,647,0.625,0,1,1,1
0.8636,52,20,8,5,0,147,1.312,0,1,1,1
0.6764,9,11,4,1,1,13,3.394,1,1,0,1
0.0572,42,20,5,5,0,692,0.332,0,1,1,0
0.0022,100,4,0,3,3,492,0.008,0,0,1,0
0.096,2,3,6,3,1,211,0.721,0,1,1,0
0.0094,4,10,3,4,1,189,0.025,0,1,0,1
0.0022,84,23,9,0,0,117,0.007,0,1,1,0
0.0023,29,20,2,2,1,530,0.003,0,1,1,1
0.3675,32,10,6,5,2,342,0.73,0,1,1,1
0.6525,78,14,6,0,1,271,3.305,0,1,1,1
0.0016,74,30,5,1,3,769,0.003,0,1,1,0
0.0071,84,18,8,5,2,182,0.02,0,1,1,0
0.0021,88,5,6,3,2,834,0.008,0,1,1,0
0.0232,20,11,3,5,4,63,0.076,0,1,1,1
0.5491,47,7,3,3,4,715,1.236,0,1,1,0
0.0089,97,12,6,5,2,683,0.015,0,1,1,0
1.7409,16,24,10,4,4,910,5.938,0,1,1,1
0.2984,49,15,9,1,2,106,0.464,0,1,1,0
0.277,53,30,3,5,4,954,0.295,0,1,1,1
0.0831,64,23,6,1,4,27,0.114,1,1,1,1
0.0953,75,20,3,4,4,771,0.145,0,1,1,0
0.0174,28,21,8,0,0,404,0.087,0,1,1,0
0.0013,2,15,3,3,1,389,0.002,0,1,1,0
1.9973,35,17,9,3,3,982,3.578,0,1,1,1
0.3645,73,6,1,1,0,293,0.474,0,1,1,0
0.0352,23,10,10,2,1,767,0.209,0,1,1,0
0.0109,96,12,3,1,4,112,0.019,0,1,1,0
0.1611,38,0,3,3,4,269,0.162,0,1,1,1
0.1766,89,29,6,5,2,581,0.389,0,1,1,0
0.0276,70,7,3,2,1,615,0.07,0,1,1,0
0.5603,73,0,1,3,1,582,14.478,0,1,1,1
0.0048,29,8,4,1,3,940,0.007,0,1,1,1
0.2511,68,25,1,2,0,846,0.933,0,1,1,0
2.2006,55,15,9,1,0,76,22.995,0,1,1,1
2.5919,74,20,9,5,0,791,3.94,0,0,1,1
1.3419,4,4,8,4,3,874,1.464,0,1,1,0
0.4149,9,28,9,4,0,253,0.49,0,1,1,1
0.0571,95,29,5,2,4,268,0.267,0,1,1,1
0.0308,89,15,9,5,0,498,0.296,0,1,1,0
0.0218,10,10,7,0,0,810,0.156,0,1,1,0
0.1097,39,29,0,1,2,928,0.662,0,1,1,0
0.0881,83,2,4,0,0,136,0.139,0,1,1,0
1.5144,89,2,9,1,3,488,3.947,0,1,1,1
0.0045,9,7,8,0,0,941,0.005,0,1,1,0
0.0212,100,18,4,1,1,657,0.024,0,1,1,0
0.0068,42,6,5,0,3,612,0.036,0,1,1,1
0.0827,44,10,2,2,1,776,0.093,0,1,1,1
0.1642,36,15,1,5,3,598,0.587,0,1,1,1
1.5289,54,12,9,2,4,584,1.558,0,1,1,1
0.0023,80,22,5,3,3,357,0.011,0,1,1,0
0.0585,18,27,2,3,0,467,0.077,0,1,1,0
0.0192,33,12,0,3,0,680,0.019,0,0,1,0
0.0025,28,0,6,4,3,882,0.004,0,1,0,1
0.6731,0,0,10,3,3,555,0.681,0,1,1,1
0.0022,17,17,2,0,3,418,0.019,0,1,1,0
0.5951,20,4,3,1,4,152,2.07,0,1,1,1
0.0445,19,16,3,2,4,606,0.161,0,1,0,1
0.4262,34,14,9,0,1,382,3.555,0,1,1,1
0.216,99,10,3,2,3,950,0.405,0,1,1,1
0.7758,55,9,1,5,2,980,1.291,0,1,1,1
0.0069,16,29,8,0,0,25,0.024,1,1,1,0
2.0011,31,9,1,4,2,893,3.901,0,1,1,1
1.7965,33,9,7,4,3,820,2.848,0,1,1,1
0.0041,82,16,10,4,4,229,0.012,0,0,1,0
0.0906,90,30,0,5,1,476,0.135,0,1,1,0
0.765,79,23,7,2,1,842,40.909,0,1,1,1
0.0859,44,29,7,2,4,586,0.157,0,1,1,1
0.1037,94,0,6,4,3,581,0.286,0,1,1,1
0.134,69,13,0,3,0,746,0.29,0,0,1,0
0.4431,47,14,0,0,3,326,0.478,0,1,1,0
0.0913,38,18,8,0,1,367,0.321,0,1,0,1
0.0248,78,5,10,4,3,303,0.03,0,1,1,0
0.0043,1,17,4,5,1,247,0.024,0,1,1,1
0.001,4,8,1,3,1,316,0.004,0,1,1,0
0.1263,41,17,5,2,3,289,3.748,0,1,1,1
0.0558,48,0,2,2,1,378,0.073,0,1,1,0
0.0032,43,21,9,2,2,186,0.01,0,1,1,0
0.6863,67,12,3,0,2,21,1.567,1,1,1,1
1.2193,79,19,1,3,1,102,2.025,0,1,1,0
0.0012,11,13,7,4,1,927,0.002,0,1,1,0
0.0218,26,15,0,3,1,130,0.022,0,1,1,1
0.0064,20,16,0,2,4,799,0.034,0,1,1,1
0.0022,74,1,1,4,1,659,0.01,0,1,1,0
0.002,7,0,0,5,0,189,0.005,0,1,1,0
0.0044,43,12,10,2,3,66,0.005,0,1,1,1
0.3506,74,19,2,1,0,293,0.436,0,1,1,0
0.3982,10,30,6,5,3,477,4.971,0,1,1,1
0.0103,93,9,3,3,0,802,0.011,0,1,1,0
0.2354,89,29,1,0,3,998,0.33,0,1,1,0
0.0161,84,15,10,3,0,129,0.029,0,0,1,0
0.1854,61,17,0,3,0,817,1.359,0,1,0,1
0.0025,61,20,8,5,3,25,0.004,1,1,1,1
0.0073,19,6,10,3,0,553,0.008,0,1,1,1
0.1679,92,9,10,4,2,425,1.914,0,1,1,0
0.1324,24,0,0,0,1,465,0.531,0,1,1,0
0.0946,89,4,3,5,0,213,0.157,0,1,1,0
0.9552,48,19,3,1,3,774,8.861,0,1,1,1
0.0051,87,15,6,2,4,74,0.024,0,1,1,0
0.0014,12,24,4,5,0,835,0.002,0,1,1,0
0.0044,56,27,3,2,0,825,0.016,0,1,1,0
0.0059,31,15,5,5,3,322,0.013,0,1,1,1
0.071,65,9,9,3,1,169,0.244,0,1,1,1
0.0026,39,13,10,1,2,6,0.003,1,1,1,1
0.0219,42,27,1,1,0,888,0.049,0,1,1,0
0.0528,76,30,3,5,2,720,0.068,0,0,1,1
1.1767,17,2,2,4,0,309,3.143,0,1,1,1
0.0033,25,9,7,3,4,878,0.005,0,1,1,1
0.0101,44,15,9,3,1,383,0.014,0,1,1,1
0.0012,29,20,9,4,1,96,0.001,0,1,1,0
2.0713,99,7,3,3,1,711,2.94,0,1,1,1
0.3252,50,15,6,5,3,13,1.454,1,1,1,1
1.0474,66,13,3,0,0,69,1.268,0,1,1,1
2.099,6,28,10,4,2,516,2.566,0,1,1,1
1.1063,26,6,3,3,3,692,1.399,0,1,0,1
2.6339,69,19,6,3,0,715,7.772,0,1,0,1
0.1328,36,28,6,4,1,25,0.315,1,1,1,1
0.8295,14,27,3,1,2,637,0.913,0,1,1,0
0.0204,83,28,0,0,0,921,0.043,0,1,1,0
0.072,88,28,10,0,4,899,0.098,0,0,1,1
0.4474,94,1,4,2,0,63,6.522,0,1,1,1
1.3418,43,2,10,1,2,196,4.825,0,1,1,1
0.0468,58,10,5,4,0,202,0.435,0,0,1,1
1.8192,48,9,7,0,3,861,44.479,0,1,1,1
0.1345,19,28,7,5,0,415,0.24,0,1,1,0
0.0493,13,13,1,0,2,529,0.062,0,1,1,0
0.0025,72,18,7,3,3,365,0.012,0,1,1,1
0.0281,60,27,0,5,2,886,0.052,0,0,1,1
0.0078,82,17,1,4,2,433,0.014,0,1,1,0
2.1453,31,18,10,4,4,168,3.245,0,1,1,1
1.4756,89,15,5,4,0,69,5.439,0,1,1,1
0.0828,77,27,3,0,1,7,0.397,1,1,1,0
0.0414,61,24,6,3,4,574,0.129,0,1,1,0
0.6895,90,1,2,2,1,896,1.606,0,1,1,0
0.001,69,14,3,0,4,939,0.001,0,1,1,0
0.1723,97,26,3,4,1,973,0.376,0,1,1,0
0.4414,15,28,8,2,1,327,0.675,0,1,1,0
0.0049,99,19,0,0,3,930,0.006,0,1,0,0
0.0094,24,9,10,2,3,222,0.027,0,1,1,1
0.9347,88,21,7,3,0,776,1.31,0,1,1,0
0.0026,74,18,10,3,0,386,0.007,0,1,1,0
0.4941,52,9,0,4,4,741,2.073,0,1,1,1
0.0085,2,19,5,1,1,959,0.06,0,1,1,0
0.2441,46,6,7,4,1,981,2.63,0,1,1,1
0.008,79,22,0,3,0,371,0.032,0,1,1,0
0.0025,63,25,10,4,0,85,0.003,0,1,1,1
0.0017,90,26,2,3,0,32,0.005,0,1,1,0
0.0054,33,27,7,2,4,467,0.026,0,1,1,1
0.0598,91,6,5,3,0,615,0.147,0,1,1,0
0.7306,49,7,8,3,3,874,0.898,0,1,1,1
0.0053,63,22,2,5,3,434,0.036,0,1,1,0
0.0146,75,28,2,5,3,686,0.018,0,1,0,0
0.3726,84,4,0,4,3,681,0.498,0,0,1,0
0.0131,75,0,8,2,2,214,0.11,0,1,1,0
0.0051,7,28,10,5,1,241,0.008,0,1,1,1
0.1242,97,26,3,0,0,929,0.21,0,1,1,0
0.1211,30,2,8,3,4,117,0.387,0,1,1,1
2.4273,22,16,10,1,2,716,4.446,0,1,0,1
0.4426,79,21,0,4,1,51,0.697,0,1,1,0
0.002,98,13,6,1,4,939,0.002,0,1,1,1
0.003,81,13,8,0,2,874,0.01,0,1,1,0
0.276,32,24,7,0,2,934,0.333,0,1,0,0
0.0013,44,21,8,1,1,9,0.001,1,1,1,0
0.1464,37,4,1,4,4,128,0.344,0,1,1,1
3.1293,93,27,5,5,0,776,6.407,0,1,1,1
1.0807,65,15,7,3,1,674,4.897,0,1,1,0
0.0326,67,28,10,5,2,26,0.037,1,1,1,0
0.0037,51,5,9,1,1,436,0.004,0,1,1,0
0.0988,88,6,7,5,3,88,0.301,0,1,1,1
1.617,77,21,8,4,0,475,1.998,0,1,1,1
0.0024,41,10,9,3,3,477,0.004,0,1,1,1
0.0109,70,26,3,4,2,983,0.319,0,1,0,1
0.3069,37,3,7,0,3,338,0.535,0,1,1,0
0.0031,45,27,6,2,0,548,0.026,0,1,1,0
0.0691,5,1,10,2,0,5,0.253,1,1,1,1
0.0043,57,17,7,2,3,51,0.006,0,1,1,0
0.0012,13,23,2,2,0,66,0.002,0,1,1,0
0.004,96,0,6,5,4,353,0.017,0,1,1,1
0.1308,15,20,8,0,3,173,0.137,0,1,0,1
0.0012,17,25,4,1,3,667,0.002,0,1,1,0
0.0187,60,30,10,2,0,715,0.024,0,1,1,1
0.1766,35,9,6,5,4,377,0.194,0,1,1,1
0.3321,69,28,7,1,2,662,1.491,0,1,1,0
0.0017,48,20,6,4,4,679,0.002,0,1,1,1
0.4134,34,16,3,2,4,760,0.446,0,1,1,0
2.0251,80,5,6,3,1,445,3.894,0,1,1,1
0.0013,84,25,7,3,2,538,0.001,0,1,1,0
0.0036,83,13,9,4,1,673,0.015,0,1,1,0
0.0322,76,22,5,4,0,365,0.104,0,0,1,0
0.0184,92,1,9,1,4,276,0.022,0,1,1,1
0.0049,22,29,9,1,4,47,0.005,0,1,1,1
0.0031,75,10,4,5,2,683,0.013,0,1,1,0
0.0017,17,10,8,2,0,363,0.002,0,0,1,1
2.9758,2,21,2,4,0,320,42.879,0,1,1,1
0.1225,98,21,10,5,1,845,0.143,0,1,1,0
0.0046,92,23,1,0,1,245,0.017,0,1,1,0
0.0253,23,28,7,2,1,565,0.028,0,1,1,0
0.016,88,1,8,2,3,229,0.024,0,1,1,1
0.0158,10,8,10,3,0,818,0.185,0,1,1,1
0.0021,61,21,4,2,2,321,0.005,0,1,1,1
0.4754,17,15,2,4,0,426,1.872,0,1,1,1
0.8955,11,21,5,3,2,987,1.029,0,1,1,1
0.0308,12,5,6,0,4,264,0.039,0,1,1,1
0.0036,75,19,0,3,4,240,0.015,0,1,1,0
0.0066,79,19,5,0,3,763,0.019,0,1,0,0
0.3341,75,17,2,1,3,452,0.352,0,1,1,0
0.0057,100,7,8,4,4,981,0.007,0,0,1,1
0.0105,19,1,2,2,4,836,0.206,0,1,1,0
0.0862,100,23,3,0,1,262,0.23,0,1,1,0
0.0044,78,2,1,5,2,300,0.007,0,1,1,1
0.002,90,6,10,2,1,447,0.002,0,1,1,1
0.0014,83,27,2,5,4,496,0.013,0,1,1,1
0.0033,74,3,10,3,4,130,0.01,0,1,1,1
0.0382,20,16,1,3,1,702,0.052,0,1,1,0
0.7419,19,5,1,4,4,253,0.942,0,1,1,1
0.2387,55,24,7,0,0,368,0.526,0,1,1,1
0.1787,44,27,9,5,4,861,0.891,0,1,1,1
0.013,1,25,2,0,1,795,0.025,0,1,1,0
0.0876,4,28,3,5,2,654,0.147,0,1,0,1
0.0384,50,1,3,5,0,279,0.049,0,0,1,1
0.2494,58,21,5,2,0,550,0.316,0,1,1,0
0.0022,9,28,3,4,1,458,0.003,0,1,0,1
0.0072,48,1,1,4,2,164,0.013,0,1,1,0
0.0184,30,5,0,4,1,702,0.027,0,1,1,0
0.3411,81,13,3,3,0,244,0.5,0,1,1,0
0.2851,31,23,6,4,0,478,0.921,0,1,1,0
0.0487,5,1,0,2,1,83,0.062,0,1,1,0
1.5727,58,3,6,1,2,575,1.977,0,1,1,1
0.8567,41,3,2,1,3,7,7.476,1,1,1,1
0.4337,79,8,10,2,2,266,0.913,0,1,1,0
0.016,49,26,1,4,1,465,0.036,0,1,0,0
0.6888,88,24,10,4,4,426,2.819,0,1,1,1
0.0024,94,12,6,3,4,225,0.005,0,1,1,1
0.0048,67,15,4,0,1,747,0.005,0,1,1,0
0.0102,48,30,1,2,2,807,0.021,0,1,1,0
0.0058,37,30,10,0,0,825,0.008,0,1,1,1
0.223,47,5,4,4,1,116,0.302,0,1,1,1
1.7013,33,15,0,2,3,321,4.356,0,1,1,1
0.049,2,6,6,4,4,799,0.174,0,1,0,1
0.2456,82,7,6,5,1,707,0.424,0,1,1,1
2.1494,99,30,9,0,1,495,3.581,0,1,1,1
0.0014,33,1,6,5,1,593,0.008,0,1,1,1
0.0096,15,16,3,0,0,550,0.012,0,1,1,0
0.1914,61,10,10,3,4,628,0.366,0,1,1,1
0.1042,36,18,9,3,4,615,0.12,0,1,1,1
0.0027,35,17,6,2,3,365,0.004,0,1,1,0
3.035,1,13,1,3,1,648,3.505,0,1,1,1
1.0363,12,13,3,0,1,611,1.243,0,1,1,0
0.0042,96,13,1,3,4,313,0.005,0,1,1,0
0.002,27,16,9,5,4,909,0.002,0,1,1,1
0.0015,97,6,10,0,3,79,0.008,0,1,1,0
0.004,49,7,3,3,0,822,0.006,0,1,0,0
0.0087,4,24,0,2,4,855,0.052,0,1,1,0
0.0109,66,24,5,4,1,350,0.013,0,1,1,0
0.1236,75,17,1,1,3,872,0.204,0,1,1,0
1.5407,99,30,5,0,3,829,2.194,0,1,1,1
0.0895,8,20,4,3,3,920,0.109,0,1,1,0
0.2974,51,25,0,0,4,405,0.823,0,1,1,0
0.0053,98,17,4,2,1,97,0.092,0,1,1,0
1.3541,60,19,6,4,2,794,2.298,0,1,0,1
0.0118,100,18,8,3,1,645,0.021,0,1,1,0
0.1314,22,22,1,3,3,652,0.201,0,1,1,0
0.0021,51,16,1,0,1,221,0.002,0,1,1,0
0.0472,17,3,7,5,1,724,0.051,0,1,0,1
0.1891,82,5,4,0,4,538,0.81,0,1,1,0
0.0276,31,5,3,3,2,316,0.05,0,1,1,0
0.0122,34,5,4,4,2,160,0.075,0,1,1,1
0.6757,96,11,0,5,4,316,0.755,0,1,1,1
0.2183,65,13,10,0,2,427,0.272,0,1,0,1
0.0121,44,6,9,4,4,724,0.277,0,1,1,1
0.1687,38,26,5,0,4,58,0.434,0,1,1,1
1.4334,99,2,0,5,1,326,7.736,0,1,1,1
2.9192,4,20,2,1,3,392,4.386,0,1,1,0
0.1258,99,5,9,2,1,238,0.496,0,1,1,0
0.1541,69,25,3,4,0,856,0.194,0,1,1,0
0.1941,19,9,0,3,3,690,0.709,0,1,1,1
0.662,86,16,8,4,1,976,1.77,0,1,1,0
0.3815,48,13,9,2,0,520,0.469,0,1,1,1
0.0074,71,5,6,4,1,568,0.027,0,1,0,1
0.8223,73,27,5,1,4,649,1.319,0,1,1,1
0.009,61,26,10,0,1,583,0.01,0,1,1,0
0.0139,41,19,1,3,3,337,0.017,0,0,1,1
0.001,97,18,9,2,2,140,0.005,0,1,1,1
0.0099,93,19,10,3,3,529,0.017,0,1,1,0
0.008,2,13,1,3,0,894,0.014,0,1,1,1
0.0082,56,29,1,0,0,987,0.031,0,1,1,0
0.3202,57,3,5,3,3,850,0.973,0,1,1,0
0.0019,93,16,6,0,0,394,0.003,0,1,1,0
0.0043,36,22,3,2,4,909,0.008,0,1,1,1
2.6147,35,10,0,5,2,801,4.518,0,1,1,1
0.0496,39,1,2,5,2,923,0.647,0,1,1,0
0.0758,21,28,5,3,0,308,0.227,0,1,1,0
0.2447,30,17,5,5,3,439,0.28,0,1,1,1
2.982,9,20,6,1,4,663,3.977,0,1,1,1
1.093,85,12,3,2,4,360,12.253,0,1,1,1
0.9452,18,14,8,4,3,616,1.544,0,1,1,1
0.4538,82,29,8,2,1,929,0.981,0,1,1,0
0.4534,6,28,3,3,2,425,0.606,0,1,1,1
0.0116,36,6,10,4,2,413,0.015,0,1,1,1
0.0065,68,2,10,1,1,228,0.07,0,1,1,0
0.3979,6,14,3,0,3,309,0.857,0,1,1,0
0.2308,17,12,3,3,3,552,0.375,0,1,0,0
1.5919,77,15,7,2,3,990,5.761,0,1,1,1
0.0069,36,26,8,5,2,142,0.015,0,1,1,1
0.0077,3,30,3,3,3,477,0.258,0,1,1,0
0.0012,61,13,7,2,0,316,0.004,0,1,1,1
0.4369,98,6,10,1,0,637,0.677,0,1,1,1
0.9525,94,1,6,2,3,366,1.277,0,1,1,0
0.0159,67,30,5,5,3,375,0.017,0,1,1,0
0.0029,52,13,0,5,0,883,0.086,0,1,1,0
0.3793,8,1,3,2,4,772,4.603,0,1,1,1
0.4774,64,18,9,5,3,854,0.868,0,1,1,1
0.013,27,23,7,2,3,437,0.027,0,1,1,1
0.0021,82,24,10,3,4,499,0.005,0,1,1,1
0.0251,83,27,6,4,1,726,0.035,0,1,1,0
0.0159,76,18,5,0,4,658,0.094,0,1,1,0
0.0065,93,5,9,5,1,509,0.291,0,1,1,1
0.0483,30,19,8,3,1,937,0.135,0,1,1,1
0.002,49,12,0,2,3,315,0.004,0,1,1,0
0.0077,93,23,8,2,1,268,0.009,0,1,1,1
0.014,33,9,1,0,1,939,0.029,0,1,1,0
0.0178,10,17,10,5,3,424,0.036,0,1,1,1
0.0052,26,29,5,0,4,691,0.01,0,1,1,1
1.4206,53,24,5,4,0,358,2.682,0,1,1,0
0.1706,88,3,7,4,4,336,0.274,0,1,1,0
0.0674,90,28,10,0,1,995,0.202,0,1,1,0
0.8675,14,12,7,2,4,183,1.015,0,1,1,1
0.0123,97,30,9,0,4,913,0.204,0,1,0,1
0.0733,33,27,6,1,2,131,0.414,0,1,1,0
0.0023,77,28,5,4,3,763,0.003,0,1,1,0
0.3752,13,5,1,4,2,159,3.941,0,1,1,1
0.3412,11,6,3,0,2,904,0.402,0,1,1,0
0.0133,4,6,0,2,2,11,0.02,1,1,1,1
0.0015,94,13,5,4,4,311,0.003,0,1,1,0
0.3004,30,23,4,2,2,123,1.6,0,1,1,0
0.0031,78,27,9,2,2,157,0.036,0,1,1,0
0.3699,13,0,6,0,3,657,16.662,0,1,1,1
1.2843,89,23,8,5,1,164,1.732,0,1,1,1
0.0031,64,29,2,1,0,649,0.005,0,1,1,0
0.5465,79,18,6,1,0,542,0.95,0,1,1,0
0.002,0,0,5,4,1,143,0.002,0,1,1,0
0.017,16,24,2,4,3,51,0.48,0,1,1,0
0.2058,34,17,5,4,3,753,0.368,0,1,1,0
0.0032,44,2,4,2,1,923,0.005,0,1,0,0
1.7349,82,0,2,5,4,410,5.95,0,0,1,1
0.5882,23,8,0,3,2,868,1.296,0,1,1,0
0.2655,77,30,5,0,4,24,0.526,1,1,1,0
0.0586,55,12,4,1,0,97,0.07,0,1,1,0
0.003,65,17,7,4,4,949,0.008,0,1,1,1
2.7471,78,19,3,0,1,399,4.233,0,1,0,0
0.003,75,0,1,0,1,570,0.006,0,1,1,0
0.2133,57,28,1,4,4,16,0.641,1,1,0,0
0.3597,66,18,5,5,1,574,1.226,0,1,1,1
0.3087,15,8,7,4,0,981,2.33,0,1,1,1
0.018,11,30,6,3,1,655,0.025,0,1,1,1
0.3594,63,0,8,2,4,778,0.677,0,1,1,0
0.8346,42,12,10,1,4,913,0.888,0,1,1,1
0.0045,20,16,2,5,4,923,0.009,0,0,1,1
0.0203,5,13,8,4,2,438,0.022,0,1,1,1
1.4903,81,15,8,0,4,972,2.691,0,1,1,1
0.0087,35,18,5,4,3,343,0.014,0,1,1,1
0.0469,44,21,5,4,1,946,0.169,0,1,1,0
2.3921,11,30,10,0,2,995,2.434,0,1,1,1
0.0357,97,3,10,0,4,634,0.157,0,1,1,0
0.0176,40,2,5,5,3,319,0.04,0,1,1,1
0.0068,92,0,0,4,1,360,0.104,0,1,1,0
0.5559,4,2,5,4,3,668,1.955,0,1,1,1
0.0096,69,25,3,2,4,172,0.179,0,1,1,0
0.4809,55,20,0,0,4,995,2.312,0,0,0,0
0.0866,9,26,5,1,3,766,0.164,0,1,1,1
0.4112,13,29,5,2,2,280,1.653,0,1,0,1
0.0237,78,28,6,3,2,954,0.037,0,1,1,1
0.003,80,10,3,3,2,640,0.004,0,1,1,0
0.7474,44,13,7,5,1,823,4.273,0,1,1,1
1.2143,45,10,10,5,1,571,2.431,0,1,0,1
0.0132,17,2,2,3,1,427,0.035,0,1,1,0
0.0619,36,23,6,0,3,575,0.074,0,1,1,0
0.0019,100,28,9,5,4,961,0.004,0,1,1,1
0.0017,73,21,4,2,0,813,0.005,0,1,1,0
0.0318,35,19,8,1,4,778,0.041,0,1,1,1
0.0991,34,14,7,3,2,389,2.388,0,1,1,1
0.0139,92,19,4,5,1,654,0.018,0,1,1,0
0.1997,13,10,6,4,1,974,0.342,0,1,0,1
1.0118,6,15,6,5,1,306,2.787,0,1,1,1
0.0027,6,21,0,0,0,973,0.006,0,1,1,0
0.0102,33,7,10,0,2,711,0.029,0,1,1,1
2.3267,43,12,4,0,1,351,3.66,0,1,1,1
0.0238,42,28,10,2,3,220,0.099,0,1,1,1
0.0192,47,11,8,0,4,805,0.026,0,1,1,1
0.051,64,3,10,3,3,46,0.096,0,1,1,0
0.1578,15,24,3,3,1,245,0.2,0,1,1,0
0.0358,38,0,7,0,2,411,0.08,0,1,1,0
0.0078,63,21,9,3,1,998,0.011,0,1,1,0
3.0299,66,22,3,3,2,382,23.857,0,1,1,1
0.1348,49,3,0,0,3,357,0.159,0,1,0,0
0.0342,4,30,6,3,4,810,0.07,0,1,1,1
0.1233,67,10,5,5,0,408,0.164,0,1,1,0
0.6862,30,21,8,4,3,456,0.687,0,1,1,1
0.0506,30,11,10,2,4,609,0.111,0,1,1,1
0.0766,34,24,1,1,1,821,0.387,0,1,1,1
0.009,6,19,7,2,1,505,0.039,0,1,1,1
0.2256,28,10,7,5,4,424,3.357,0,1,1,1
0.0662,2,6,10,0,0,937,0.082,0,1,1,0
0.0338,46,17,2,3,0,526,0.182,0,1,1,0
0.0284,93,15,9,2,0,145,0.054,0,1,1,0
0.11,11,25,2,5,1,980,1.372,0,1,1,0
0.0038,20,25,6,0,0,600,0.007,0,1,1,0
0.8916,79,27,4,3,2,463,3.225,0,1,1,0
0.282,23,11,10,2,2,294,2.762,0,1,1,0
0.073,97,28,5,0,1,392,0.076,0,1,1,0
0.0032,26,17,10,5,4,103,0.004,0,1,1,1
0.0624,99,3,8,2,3,962,0.449,0,1,1,1
0.0018,84,16,3,1,1,332,0.018,0,1,0,0
0.0039,26,29,6,0,1,2,0.01,1,1,1,1
1.5059,5,23,9,0,3,678,1.55,0,1,1,1
0.0424,18,23,9,2,0,495,0.051,0,1,1,0
0.0045,12,15,2,0,2,559,0.008,0,1,1,0
0.0023,49,26,9,1,0,232,0.006,0,1,1,0
0.0141,51,8,9,3,3,306,0.035,0,1,1,1
1.485,96,7,9,5,0,397,1.86,0,1,1,1
0.0946,90,24,7,5,0,235,0.143,0,1,1,1
2.3155,57,21,0,0,4,71,4.02,0,1,1,1
3.0002,18,18,6,3,0,474,8.942,0,1,1,1
0.1242,81,28,6,5,1,800,0.307,0,1,1,1
0.0041,54,18,0,4,4,467,0.266,0,1,1,0
1.7709,29,6,5,4,1,775,2.589,0,1,1,1
0.0019,52,11,7,1,2,872,0.002,0,1,1,0
0.0058,88,22,5,0,0,898,0.112,0,1,1,0
0.002,69,7,3,0,4,339,0.003,0,1,1,0
0.1056,28,10,9,3,0,505,0.216,0,1,1,1
0.0013,52,16,7,0,4,311,0.001,0,1,1,1
0.0143,50,8,8,1,4,605,0.037,0,1,1,1
0.4428,58,24,6,3,3,887,30.965,0,1,1,1
0.0122,83,26,9,5,3,693,0.014,0,1,1,0
0.045,30,1,3,1,1,271,0.054,0,1,1,0
0.0147,96,15,4,2,0,799,0.016,0,0,1,0
0.113,89,27,7,5,1,864,0.325,0,1,1,1
0.0156,37,5,7,0,3,609,0.017,0,1,1,0
0.3261,38,25,7,3,0,108,0.328,0,1,1,0
0.0118,57,11,4,5,2,429,0.021,0,1,1,0
0.0038,87,18,3,2,4,346,0.128,0,1,1,1
0.0011,64,8,10,3,4,879,0.001,0,1,1,1
0.1163,76,5,10,5,3,70,0.282,0,1,1,1
0.0013,98,27,7,3,3,450,0.002,0,1,1,1
0.095,52,4,6,1,3,480,0.117,0,1,1,0
0.0018,100,2,0,3,1,367,0.004,0,1,1,0
0.5962,52,17,10,1,2,207,0.633,0,1,1,1
0.5718,27,19,9,1,2,287,0.701,0,1,1,0
0.8333,48,18,4,5,1,697,2.401,0,1,1,1
0.0156,68,28,6,2,1,614,0.045,0,1,1,0
0.8342,4,25,6,2,2,544,2.869,0,1,1,1
2.0644,31,3,1,4,4,803,5.843,0,0,1,1
0.0032,0,10,3,3,3,779,0.009,0,1,1,0
0.0477,54,17,8,5,3,558,1.019,0,1,1,0
2.1298,21,3,3,0,3,36,2.198,0,1,1,0
0.0913,53,29,3,4,4,678,0.161,0,1,1,0
0.0036,66,15,3,5,0,258,0.006,0,1,1,0
0.0041,14,15,10,4,3,318,0.017,0,1,1,1
0.0788,64,0,7,0,0,332,0.149,0,1,0,1
0.2493,19,30,0,1,1,749,2.869,0,1,1,0
0.0183,46,30,4,0,3,283,0.028,0,1,1,0
0.0016,34,12,6,1,3,328,0.016,0,1,0,1
0.2417,73,14,4,2,1,846,0.602,0,1,1,0
1.5133,43,9,8,1,1,14,1.589,1,1,1,1
0.0068,71,6,6,4,0,437,0.026,0,0,1,1
0.1204,29,4,6,3,0,275,0.24,0,1,1,1
0.1659,0,3,5,0,0,580,0.196,0,1,1,0
0.0029,79,4,5,0,4,134,0.018,0,0,1,0
0.0172,30,7,2,4,3,862,0.026,0,0,1,1
0.0466,43,16,2,4,0,352,0.051,0,1,1,0
0.687,9,13,3,4,3,86,28.272,0,1,1,1
0.0148,58,9,1,2,1,307,0.061,0,1,1,0
0.0223,44,19,1,4,4,244,0.034,0,1,1,0
2.4404,60,23,7,1,3,726,2.765,0,1,1,1
0.0047,39,6,10,2,2,638,0.028,0,1,1,0
0.0208,60,3,5,3,2,229,0.032,0,1,1,0
0.1402,73,1,3,2,4,663,0.473,0,0,1,1
0.0292,6,20,0,5,0,582,0.069,0,1,1,0
